Census Tract,Population 16 Years and Over:,Population 16 Years and Over: In Labor Force,Population 16 Years and Over: In Labor Force: Civilian: Employed,Population 16 Years and Over: In Labor Force: Civilian: Unemployed,Population 16 Years and Over: Not in Labor Force,Population 25 Years and Over:,Population 25 Years and Over: Less than High School,Population 25 Years and Over: High School Graduate (Includes Equivalency),Population 25 Years and Over: Some College,Population 25 Years and Over: Bachelor's Degree,Population 25 Years and Over: Master's Degree,Population 25 Years and Over: Professional School Degree,Population 25 Years and Over: Doctorate Degree,Average Family Income (In 2022 Inflation Adjusted Dollars),Households:,Households: With Public Assistance Income,Households: No Public Assistance Income,Households: With Retirement Income,Households: No Retirement Income,Families: 3.00 to 3.99,Families: 4.00 to 4.99,Families: 5.00 and Over,Total:,Total: No Health Insurance Coverage,Total: With Health Insurance Coverage,Total: With Health Insurance Coverage: Public Health Coverage,Total: With Health Insurance Coverage: Private Health Insurance,Population Under 18:,Population Under 18: No Health Insurance Coverage,Population Under 18: With Health Insurance Coverage,Population 18 to 24:,Population 18 to 24: No Health Insurance Coverage,Population 18 to 24: With Health Insurance Coverage,Population 25 to 34:,Population 25 to 34: No Health Insurance Coverage,Population 25 to 34: With Health Insurance Coverage,Population 35 to 64:,Population 35 to 64: No Health Insurance Coverage,Population 35 to 64: With Health Insurance Coverage,Population 65 or Older:,Population 65 or Older: No Health Insurance Coverage,Population 65 or Older: With Health Insurance Coverage
Geo_TRACT,SE_A17002_001,SE_A17002_002,SE_A17002_005,SE_A17002_006,SE_A17002_007,SE_A12002_001,SE_A12002_002,SE_A12002_003,SE_A12002_004,SE_A12002_005,SE_A12002_006,SE_A12002_007,SE_A12002_008,SE_A14011_001,SE_A10014_001,SE_A10014_002,SE_A10014_003,SE_A10015_002,SE_A10015_003,SE_D13004_004,SE_D13004_005,SE_D13004_006,SE_A20001_001,SE_A20001_002,SE_A20001_003,SE_A20001_004,SE_A20001_005,SE_A20002_002,SE_A20002_003,SE_A20002_004,SE_A20002_007,SE_A20002_008,SE_A20002_009,SE_A20002_012,SE_A20002_013,SE_A20002_014,SE_A20002_017,SE_A20002_018,SE_A20002_019,SE_A20002_022,SE_A20002_023,SE_A20002_024
600200,1543,808,577,231,735,1277,335,596,200,82,53,0,11,82560,616,24,592,144,472,91,11,41,1693,275,1418,1081,500,307,0,307,141,0,141,335,119,216,831,156,675,79,0,79
600400,1959,713,469,244,1246,1623,654,295,341,156,60,117,0,38997.51332,1058,144,914,269,789,27,57,9,2766,236,2530,2071,690,1081,69,1012,71,13,58,198,18,180,958,136,822,458,0,458
600700,967,560,496,64,407,807,345,251,131,68,12,0,0,74978.26087,444,23,421,115,329,26,9,43,1338,126,1212,995,343,456,0,456,75,0,75,167,48,119,475,63,412,165,15,150
600800,3974,1520,1304,216,2454,3062,1258,1034,681,57,32,0,0,42449.34701,1725,301,1424,264,1461,91,0,38,5018,612,4406,3645,968,1526,105,1421,774,160,614,470,146,324,1630,201,1429,618,0,618
600900,2624,1443,1307,136,1181,2092,1213,464,367,27,0,21,0,45660.90535,1222,63,1159,89,1133,18,105,29,3798,234,3564,2998,844,1459,0,1459,303,29,274,409,33,376,1223,172,1051,404,0,404
601000,4390,2868,2589,279,1522,3340,1121,1143,875,186,15,0,0,65480.33058,1671,87,1584,151,1520,237,38,77,5645,1080,4565,3065,1661,1505,173,1332,817,290,527,710,165,545,2135,441,1694,478,11,467
601101,2280,1347,1294,53,933,1848,780,562,360,127,6,13,0,65769.24198,849,148,701,141,708,15,30,106,3295,604,2691,1918,908,1148,112,1036,299,116,183,470,173,297,995,203,792,383,0,383
601102,3803,2137,1856,281,1666,2965,1132,943,537,319,34,0,0,82639.03846,1456,90,1366,192,1264,39,211,168,5044,1092,3952,2595,1852,1592,149,1443,500,234,266,534,283,251,1789,421,1368,629,5,624
601200,4780,3201,3011,190,1579,3697,1054,1201,1003,297,142,0,0,66100.24907,2000,52,1948,355,1645,228,159,150,6529,976,5553,3438,2617,1945,158,1787,1001,90,911,947,231,716,1978,460,1518,658,37,621
601300,3546,2346,1955,391,1200,2930,966,1095,724,118,27,0,0,53075.40486,1665,39,1626,88,1577,28,55,102,4726,1105,3621,2946,1075,1351,113,1238,528,257,271,807,307,500,1641,428,1213,399,0,399
601400,3413,1709,1262,447,1704,2641,833,977,662,136,33,0,0,57577.81955,1442,109,1333,333,1109,162,49,71,4181,433,3748,2847,1307,1029,27,1002,521,164,357,378,56,322,1736,186,1550,517,0,517
601500,4257,2589,2102,487,1668,3737,829,1542,1192,120,0,0,54,62095.7477,2300,174,2126,141,2159,24,60,217,5373,419,4954,3440,2242,1249,11,1238,513,60,453,728,65,663,2060,283,1777,823,0,823
601600,1907,1143,1013,130,764,1669,528,516,496,68,61,0,0,49319.75117,950,41,909,68,882,49,0,100,2394,405,1989,1498,696,608,9,599,298,92,206,321,55,266,1004,249,755,163,0,163
601700,1785,977,724,253,808,1287,240,642,286,119,0,0,0,44315.78171,1122,87,1035,66,1056,0,29,66,2805,112,2693,2366,389,1200,0,1200,318,34,284,209,0,209,878,78,800,200,0,200
601800,628,376,344,32,252,572,170,159,242,1,0,0,0,80956.28141,368,45,323,13,355,46,53,28,918,121,797,499,314,303,0,303,43,0,43,11,0,11,492,121,371,69,0,69
601900,1802,1103,1002,101,699,1607,364,552,447,79,165,0,0,49642.5,990,169,821,176,814,60,20,94,2701,113,2588,1762,1003,991,0,991,217,0,217,451,48,403,793,65,728,249,0,249
602000,3830,2304,1731,573,1526,3386,431,1281,1120,246,268,0,40,48829.994,2176,170,2006,263,1913,92,176,36,6221,198,6023,4462,1924,2501,0,2501,434,125,309,742,24,718,2228,49,2179,316,0,316
602503,1975,1241,1125,106,734,1757,394,623,467,191,72,0,10,100409.1047,826,41,785,167,659,144,21,213,2548,329,2219,1085,1316,656,0,656,212,63,149,279,64,215,1060,192,868,341,10,331
602601,2354,1455,1321,134,899,1963,353,695,389,384,121,20,1,94415.32365,987,15,972,350,637,151,140,148,3014,100,2914,1067,2206,855,0,855,222,17,205,270,30,240,1246,53,1193,421,0,421
602602,2825,1963,1754,209,862,2160,614,881,386,135,144,0,0,94406.17978,1059,11,1048,156,903,152,75,266,3605,397,3208,1700,1910,1038,37,1001,435,36,399,298,119,179,1482,205,1277,352,0,352
602901,4266,2839,2764,75,1427,3703,238,1239,1004,770,343,46,63,125861.9866,2000,8,1992,608,1392,114,223,615,4835,177,4658,1611,3974,683,64,619,521,25,496,559,27,532,2107,61,2046,965,0,965
602902,2300,1564,1428,136,736,2102,240,664,590,417,160,14,17,93769.48529,1192,153,1039,165,1027,41,117,295,2975,129,2846,1569,1611,727,11,716,146,22,124,479,0,479,1283,96,1187,340,0,340
603001,3292,2407,2051,356,885,2939,419,1060,822,402,171,46,19,109528.6416,1416,56,1360,372,1044,114,74,502,4241,280,3961,1904,2417,1070,48,1022,281,31,250,543,34,509,1780,167,1613,567,0,567
603002,3536,2533,2256,266,1003,2890,632,1022,736,351,113,29,7,107987.7177,1371,46,1325,308,1063,193,63,349,4502,739,3763,1474,2822,1125,68,1057,513,78,435,681,196,485,1609,397,1212,574,0,574
603100,3081,2143,2089,54,938,2517,190,812,725,496,207,72,15,129329.9667,1473,40,1433,326,1147,69,52,454,3800,310,3490,1463,2582,1038,30,1008,248,61,187,418,92,326,1486,127,1359,610,0,610
603201,3752,2439,2219,201,1313,3261,626,615,865,566,515,64,10,104357.4521,1781,17,1764,561,1220,229,114,407,4440,294,4146,1304,3310,990,28,962,303,24,279,520,54,466,1930,188,1742,697,0,697
603202,2241,1497,1438,42,744,2016,65,382,398,444,476,200,51,181009.8571,1294,8,1286,334,960,115,53,359,2591,106,2485,714,2184,457,84,373,254,0,254,351,8,343,945,14,931,584,0,584
603301,4786,3471,3238,217,1315,4428,389,893,1569,988,365,147,77,173969.344,2263,29,2234,511,1752,325,137,874,5755,604,5151,2077,3952,1171,85,1086,341,0,341,792,183,609,2330,336,1994,1121,0,1121
603302,5199,3620,3459,161,1579,4190,215,1217,775,1081,548,132,222,179503.5668,2266,16,2250,683,1583,306,238,775,6214,155,6059,1660,5087,1368,39,1329,665,0,665,298,0,298,2706,116,2590,1177,0,1177
603303,2657,1418,1201,217,1239,2468,220,744,504,580,349,26,45,119521.9941,1233,32,1201,312,921,43,56,282,3179,126,3053,1033,2390,679,45,634,159,5,154,622,27,595,1049,49,1000,670,0,670
603400,6514,4389,4245,144,2125,5882,471,1517,1586,1364,648,183,113,124930.1887,3107,18,3089,798,2309,451,188,945,7908,351,7557,3062,5625,1680,0,1680,549,52,497,1458,104,1354,2681,195,2486,1540,0,1540
603501,4960,3123,2893,230,1837,4385,204,453,664,1624,568,516,356,175520.2116,2433,0,2433,602,1831,148,122,1212,5990,38,5952,1860,5022,1271,0,1271,521,0,521,301,0,301,2585,38,2547,1312,0,1312
603503,3668,2517,2384,101,1151,3271,66,293,463,1018,847,378,206,227145.8937,1608,25,1583,489,1119,184,95,1035,4827,22,4805,1219,4342,1381,0,1381,207,0,207,315,10,305,1940,0,1940,984,12,972
603504,2643,1676,1562,105,967,2314,57,495,452,728,320,200,62,225837.7336,1051,4,1047,365,686,56,118,595,3253,31,3222,826,2994,743,15,728,260,0,260,301,0,301,1266,16,1250,683,0,683
603505,3074,2363,2197,166,711,2787,101,894,579,833,294,22,64,133453.6184,1350,17,1333,385,965,210,179,722,3700,43,3657,895,3134,699,0,699,214,0,214,392,34,358,1858,9,1849,537,0,537
603506,4794,3072,2893,179,1722,4240,126,457,742,1498,1038,249,130,202230.5211,2112,0,2112,578,1534,16,199,1171,6058,15,6043,1680,5058,1497,0,1497,347,0,347,380,0,380,2698,15,2683,1136,0,1136
603507,6312,3856,3537,293,2456,5677,380,907,663,1652,1122,639,314,204290.5495,2931,84,2847,611,2320,136,253,1525,7342,119,7223,2223,5868,1533,32,1501,336,0,336,526,11,515,3324,76,3248,1623,0,1623
603601,3486,2026,1931,66,1460,3185,105,488,769,1031,641,97,54,163747.4271,1785,0,1785,655,1130,63,123,757,3935,52,3883,1723,3055,788,0,788,182,0,182,363,21,342,1604,31,1573,998,0,998
603602,2019,1337,1299,38,682,1837,51,146,224,840,355,197,24,237496.4844,888,22,866,332,556,26,112,545,2598,65,2533,679,2236,626,39,587,171,5,166,193,0,193,1072,21,1051,536,0,536
603603,2095,1418,1354,55,677,1887,48,285,326,820,250,128,30,207307.0833,967,4,963,320,647,45,109,492,2535,53,2482,624,2304,529,0,529,199,6,193,169,9,160,1095,38,1057,543,0,543
603700,2949,2082,1921,107,867,2621,256,422,478,958,365,67,75,123900.324,1581,12,1569,359,1222,136,89,447,3590,213,3377,1310,2533,792,22,770,267,20,247,440,18,422,1463,153,1310,628,0,628
603800,4491,3311,3060,243,1180,4075,34,784,836,1483,554,302,82,153883.9346,2354,14,2340,714,1640,159,193,1000,5689,95,5594,1401,5109,1444,15,1429,221,15,206,771,10,761,2299,55,2244,954,0,954
603901,4082,2926,2645,281,1156,3673,163,576,889,1277,436,179,153,170338.8745,2173,12,2161,490,1683,47,180,759,5029,220,4809,1213,4337,1092,41,1051,422,17,405,602,31,571,1989,131,1858,924,0,924
603902,2974,2084,1793,291,890,2533,101,465,668,792,404,82,21,133751.5528,1885,33,1852,516,1369,78,174,450,3412,76,3336,1015,2958,506,0,506,436,0,436,326,6,320,1232,70,1162,912,0,912
604100,2090,1454,1303,151,636,1742,436,687,385,168,61,5,0,75659.18675,834,49,785,128,706,66,87,87,2904,338,2566,1353,1343,943,27,916,279,63,216,352,69,283,1097,179,918,233,0,233
604200,2717,1956,1681,264,761,2404,119,423,711,628,364,73,86,99133.89626,1530,55,1475,329,1201,125,78,304,3144,247,2897,912,2306,611,0,611,222,0,222,629,95,534,1232,125,1107,450,27,423
604300,3323,2403,2335,68,920,3090,53,505,581,867,696,192,196,185511.6856,1804,0,1804,383,1421,54,158,663,3927,69,3858,850,3502,735,0,735,131,0,131,648,9,639,1742,60,1682,671,0,671
604400,2771,2012,1965,47,759,2515,37,381,709,631,620,112,25,208294.5691,1420,0,1420,315,1105,81,130,594,3367,86,3281,700,3022,701,7,694,151,0,151,408,44,364,1503,35,1468,604,0,604
604600,1653,1269,1227,42,384,1442,22,410,402,349,179,54,26,119690.7692,1038,28,1010,154,884,17,17,210,2050,125,1925,580,1559,426,0,426,195,6,189,212,21,191,967,98,869,250,0,250
604700,1493,1063,1030,33,430,1408,86,322,458,395,126,18,3,131998.5537,691,18,673,163,528,35,106,247,1887,53,1834,478,1607,394,0,394,96,0,96,329,10,319,772,43,729,296,0,296
605100,1934,1212,1108,104,722,1713,154,799,396,206,92,46,20,81003.80952,861,6,855,204,657,168,55,145,2294,173,2121,892,1580,426,21,405,254,0,254,358,54,304,830,98,732,426,0,426
605200,1800,1433,1375,58,367,1576,183,516,444,267,107,23,36,97606.95103,938,42,896,167,771,128,54,192,2709,203,2506,886,1877,909,15,894,235,0,235,387,97,290,903,91,812,275,0,275
605300,1534,912,843,69,622,1383,258,540,398,149,17,21,0,82063.0137,853,22,831,311,542,52,53,131,1894,79,1815,893,1300,423,0,423,134,16,118,258,16,242,703,47,656,376,0,376
605400,2155,1499,1397,102,656,1968,141,898,473,366,71,19,0,127424.7772,1133,12,1121,287,846,122,22,254,2498,72,2426,967,1737,396,0,396,144,0,144,549,11,538,992,61,931,417,0,417
605602,2329,1824,1688,136,505,2009,82,512,525,598,219,24,49,136890.8434,1086,46,1040,221,865,37,130,440,3050,59,2991,977,2356,893,0,893,170,0,170,231,0,231,1359,59,1300,397,0,397
605700,2653,1883,1811,72,770,2318,52,647,593,582,401,27,16,128437.8109,1293,5,1288,425,868,129,146,356,3431,35,3396,865,2804,952,0,952,189,0,189,415,21,394,1424,14,1410,451,0,451
605800,2368,1700,1700,0,668,2189,88,305,611,812,267,97,9,171041.9236,1208,12,1196,402,806,60,80,495,2937,41,2896,851,2524,626,11,615,123,0,123,565,9,556,914,21,893,709,0,709
605900,1946,1447,1380,67,499,1764,59,451,325,603,252,57,17,149509.7282,1046,11,1035,405,641,112,85,409,2695,169,2526,763,2250,795,39,756,144,53,91,274,15,259,981,62,919,501,0,501
606000,1591,1029,905,124,562,1398,62,178,409,482,117,32,118,204873.6626,878,15,863,246,632,25,80,335,1852,52,1800,514,1637,317,23,294,147,0,147,268,29,239,644,0,644,476,0,476
606100,1706,1151,1128,14,555,1513,6,79,102,731,285,222,88,308895.6459,820,8,812,122,698,31,43,581,2470,19,2451,314,2371,912,6,906,62,0,62,179,13,166,1051,0,1051,266,0,266
606200,3153,2313,2168,137,840,2756,55,211,297,922,706,439,126,237284.8459,1478,42,1436,359,1119,22,136,927,4206,82,4124,860,3924,1329,21,1308,148,0,148,273,49,224,1758,12,1746,698,0,698
606300,1768,1223,1199,24,545,1662,31,110,278,561,444,159,79,288999.8498,951,11,940,171,780,68,22,522,2507,10,2497,448,2327,794,0,794,71,0,71,259,0,259,1004,10,994,379,0,379
606400,2300,1566,1528,38,734,1974,31,138,160,731,408,395,111,413950.4,988,14,974,176,812,29,74,739,3231,23,3208,481,3050,1157,10,1147,150,0,150,92,0,92,1436,13,1423,396,0,396
606500,2558,1547,1365,182,1011,2313,182,850,683,195,374,5,24,124532.7824,1146,29,1117,459,687,101,131,261,3059,178,2881,1397,1980,580,57,523,244,3,241,365,42,323,1179,76,1103,691,0,691
606600,2147,1781,1547,234,366,1896,35,353,433,555,344,108,68,153291.2903,1205,3,1202,293,912,126,99,299,2487,232,2255,732,1880,361,0,361,252,0,252,525,155,370,923,77,846,426,0,426
606700,3933,2629,2561,68,1304,3591,213,1127,939,958,320,16,18,120912.7126,2172,61,2111,618,1554,204,190,656,4535,255,4280,1349,3575,705,0,705,362,1,361,572,144,428,2044,110,1934,852,0,852
606800,3356,2094,1978,116,1262,2925,500,835,782,518,252,18,20,111976.5957,1632,11,1621,445,1187,182,168,320,4114,308,3806,1313,3005,901,48,853,328,28,300,526,65,461,1617,167,1450,742,0,742
607000,3829,2373,2266,107,1456,3384,463,1662,665,473,93,18,10,84519.15612,1962,63,1899,486,1476,235,136,289,4577,337,4240,1681,3134,924,135,789,325,0,325,567,46,521,1859,156,1703,902,0,902
607100,2891,1891,1747,144,1000,2474,82,1098,604,515,169,0,6,105632.3651,1297,43,1254,377,920,210,122,298,3994,425,3569,1305,2612,1239,246,993,351,44,307,449,63,386,1516,72,1444,439,0,439
607200,3783,2677,2468,209,1106,3140,253,1083,1147,499,108,32,18,106375.1033,1867,59,1808,407,1460,159,239,281,4313,317,3996,1333,3138,704,75,629,620,88,532,714,28,686,1590,121,1469,685,5,680
607300,3500,2656,2425,198,844,3095,215,1242,624,731,198,34,51,104610.2439,1784,49,1735,448,1336,192,79,350,4309,153,4156,1488,3185,984,0,984,244,0,244,922,96,826,1451,57,1394,708,0,708
607401,2281,1604,1451,153,677,2066,97,650,855,296,148,10,10,128979.1667,1157,22,1135,245,912,44,95,353,2686,189,2497,1042,1817,480,18,462,149,0,149,427,84,343,1109,87,1022,521,0,521
607402,2217,1506,1394,112,711,1986,153,658,631,296,188,41,19,101058.0597,1111,25,1086,235,876,198,132,177,2838,100,2738,1326,1821,740,0,740,150,0,150,317,70,247,1213,30,1183,418,0,418
607502,5353,2890,2774,116,2463,4806,353,708,1120,1434,503,570,118,265709.5322,2257,0,2257,907,1350,102,152,1203,5972,63,5909,1907,5157,1516,0,1516,177,0,177,347,0,347,2170,63,2107,1762,0,1762
607503,5423,3530,3378,152,1893,4694,208,696,782,1514,980,457,57,202742.3549,2183,39,2144,608,1575,170,234,1214,6129,297,5832,1580,5022,1221,49,1172,620,80,540,522,16,506,2861,152,2709,905,0,905
607504,2897,1839,1730,109,1058,2504,32,269,366,869,463,336,169,311343.4164,1188,17,1171,340,848,56,130,878,3944,19,3925,784,3691,1325,0,1325,137,0,137,160,19,141,1672,0,1672,650,0,650
607505,3146,2119,2003,60,1027,2714,130,519,371,858,395,278,163,229165.1182,1415,0,1415,406,1009,119,91,832,3762,156,3606,900,3323,823,48,775,322,13,309,145,25,120,1625,59,1566,847,11,836
607506,2785,1902,1726,176,883,2213,89,337,555,749,419,44,20,129945.8924,1419,22,1397,163,1256,114,130,368,3275,154,3121,707,2794,528,3,525,757,41,716,534,7,527,1172,74,1098,284,29,255
607507,5661,4041,3664,274,1620,4907,392,1271,919,1398,759,135,33,111901.8491,3540,0,3540,518,3022,141,210,389,6725,680,6045,1684,4568,1354,30,1324,622,116,506,1451,197,1254,2429,337,2092,869,0,869
607600,1809,1008,908,86,801,1586,116,621,431,276,112,21,9,133771.6918,782,0,782,267,515,84,144,234,2264,177,2087,798,1640,565,13,552,147,7,140,178,11,167,904,134,770,470,12,458
607701,5537,3234,3087,147,2303,4696,984,2245,973,376,73,45,0,66160.40516,2849,66,2783,414,2435,171,177,198,7125,1766,5359,3020,2703,1734,234,1500,762,247,515,956,445,511,2673,840,1833,1000,0,1000
607702,4244,3074,2949,125,1170,3780,736,1231,830,729,142,54,58,92572.73535,2099,0,2099,357,1742,97,224,255,5080,980,4100,1837,2668,1054,0,1054,297,136,161,712,43,669,2423,801,1622,594,0,594
607801,5097,3900,3863,37,1197,4695,309,1993,1405,707,224,57,0,78351.86656,3198,8,3190,665,2533,156,148,166,6720,621,6099,2683,3846,1761,45,1716,307,0,307,1260,329,931,2469,247,2222,923,0,923
607802,1847,1277,1185,92,570,1685,302,570,527,196,77,13,0,84907.66823,881,46,835,259,622,118,85,182,2412,257,2155,1049,1427,597,41,556,182,28,154,302,121,181,931,62,869,400,5,395
607900,1629,1111,1056,50,518,1299,73,324,398,340,110,15,39,152450.1109,680,13,667,186,494,57,104,228,1999,68,1931,537,1645,499,12,487,242,0,242,232,8,224,767,22,745,259,26,233
608001,2843,1916,1815,101,927,2623,276,870,629,598,220,30,0,122024.1636,1390,29,1361,254,1136,123,83,356,3341,234,3107,1200,2293,597,0,597,224,0,224,652,41,611,1476,193,1283,392,0,392
608202,3047,2083,2057,26,964,2770,59,692,1100,595,249,55,20,124663.4545,1504,9,1495,393,1111,185,255,430,3748,298,3450,1137,2756,811,0,811,167,19,148,452,140,312,1676,139,1537,642,0,642
608205,3444,2445,2330,99,999,2937,290,679,724,869,324,44,7,141471.2798,1588,77,1511,421,1167,99,154,652,4440,97,4343,1146,3806,1249,0,1249,288,0,288,372,43,329,1712,54,1658,819,0,819
608206,3121,2298,1913,357,823,2628,154,963,809,522,121,38,21,135094.8744,1273,144,1129,328,945,116,163,553,3633,167,3466,1015,2859,706,0,706,371,56,315,322,14,308,1698,97,1601,536,0,536
608209,2702,1459,1316,143,1243,2590,86,781,762,700,249,0,12,129197.7778,1410,37,1373,485,925,101,64,516,2999,37,2962,1427,2349,351,0,351,60,18,42,350,19,331,1241,0,1241,997,0,997
608210,2795,1975,1920,51,820,2273,241,599,805,451,117,48,12,89062.52567,1681,18,1663,311,1370,102,99,303,3963,354,3609,1188,2797,1300,65,1235,452,111,341,483,102,381,1280,76,1204,448,0,448
608211,4300,2822,2659,163,1478,3936,275,1054,1096,945,424,98,44,103136.4521,2319,44,2275,553,1766,148,321,348,5566,157,5409,1812,4285,1393,0,1393,321,0,321,990,100,890,2103,41,2062,759,16,743
608302,4601,3064,2767,288,1537,3956,267,1947,779,649,278,36,0,108918.928,2168,58,2110,497,1671,210,77,490,5301,212,5089,1822,3999,885,0,885,652,0,652,808,162,646,2096,50,2046,860,0,860
608303,2444,1640,1519,121,804,1958,121,827,701,230,50,8,21,92320.54484,1062,27,1035,324,738,141,144,282,2998,235,2763,1189,1991,687,25,662,353,13,340,215,65,150,1228,132,1096,515,0,515
608304,5934,3956,3690,249,1978,5287,297,1586,1689,1298,340,36,41,107492.7409,2899,35,2864,773,2126,240,154,695,7044,401,6643,2100,5229,1396,0,1396,586,0,586,1072,36,1036,2690,365,2325,1300,0,1300
608401,2987,2233,2114,119,754,2435,152,881,607,587,137,33,38,117393.8,1212,18,1194,290,922,139,156,396,3774,168,3606,1048,2992,1000,95,905,347,11,336,459,20,439,1493,42,1451,475,0,475
608402,3327,2117,2047,70,1210,2657,194,752,651,839,197,24,0,148397.5052,1342,9,1333,409,933,152,122,435,3902,137,3765,1030,3122,821,16,805,491,0,491,325,6,319,1672,115,1557,593,0,593
608403,5406,4049,3726,323,1357,4454,186,1398,1205,1134,350,161,20,165998.0512,1981,128,1853,349,1632,189,217,1003,6790,233,6557,1255,5694,1799,67,1732,588,31,557,752,38,714,3186,97,3089,465,0,465
608404,5471,4103,3895,208,1368,4777,230,1121,1518,1071,455,382,0,130826.6809,2565,39,2526,1002,1563,164,180,1113,7190,288,6902,2228,5884,1830,39,1791,583,60,523,859,44,815,2674,145,2529,1244,0,1244
608503,1987,1415,1264,151,572,1688,123,501,603,304,112,45,0,144611.8443,1152,78,1074,234,918,13,109,187,2595,81,2514,909,1912,662,0,662,264,28,236,270,13,257,1067,40,1027,332,0,332
608504,3028,2229,2103,126,799,2647,218,900,940,384,69,102,34,98623.44828,1745,0,1745,265,1480,151,101,157,3805,239,3566,1523,2418,872,32,840,447,0,447,737,166,571,1314,41,1273,435,0,435
608600,4300,3006,2877,129,1294,3889,455,1655,1101,555,113,10,0,106798.6871,2268,62,2206,315,1953,160,216,393,5312,477,4835,1811,3462,1123,0,1123,470,217,253,883,163,720,1913,97,1816,923,0,923
608700,6183,4119,4043,76,2064,5092,306,1409,1671,1327,305,57,17,138373.4901,2835,101,2734,651,2184,162,246,1067,7412,261,7151,1884,6124,1845,115,1730,633,66,567,835,27,808,3005,53,2952,1094,0,1094
608800,4964,3499,3405,94,1465,4414,473,1640,1218,872,155,56,0,124752.0275,2266,50,2216,733,1533,140,67,586,5881,875,5006,2030,4141,995,33,962,585,212,373,914,280,634,2143,313,1830,1244,37,1207
608901,4770,3156,2930,226,1614,4342,529,1876,1114,654,133,0,36,127194.1439,2159,128,2031,448,1711,173,112,829,5643,267,5376,2155,4009,955,20,935,429,123,306,847,0,847,2558,124,2434,854,0,854
608903,2560,1739,1606,133,821,2195,125,867,587,417,181,18,0,123499.5261,1028,0,1028,286,742,107,138,386,2802,178,2624,983,2124,289,8,281,328,7,321,361,49,312,1113,114,999,711,0,711
608904,1648,1144,1109,35,504,1439,125,481,525,186,69,37,16,146989.2532,638,52,586,227,411,29,107,283,1963,17,1946,455,1712,429,0,429,101,0,101,26,0,26,1133,17,1116,274,0,274
609000,1196,750,702,48,446,1075,162,353,393,144,20,3,0,105070.915,487,30,457,166,321,49,22,114,1384,107,1277,730,770,216,0,216,120,6,114,156,27,129,649,71,578,243,3,240
609103,4735,3300,3190,110,1435,4311,620,1114,1113,1051,372,5,36,111671.7883,2215,31,2184,516,1699,248,188,570,5580,171,5409,2001,4297,1065,0,1065,412,0,412,844,28,816,2327,143,2184,932,0,932
609201,4180,2995,2727,268,1185,3519,166,918,1406,673,323,19,14,97213.60053,2018,80,1938,511,1507,377,232,469,5308,298,5010,1870,3568,1328,19,1309,499,17,482,1016,65,951,1955,197,1758,510,0,510
609202,3785,2255,2010,245,1530,3366,368,1116,1020,545,270,19,28,98638.94653,1811,9,1802,550,1261,206,306,314,4902,283,4619,2450,2876,1239,104,1135,327,0,327,610,69,541,1916,110,1806,810,0,810
609204,2801,1862,1598,264,939,2265,320,574,1079,125,153,0,14,75911.16334,1282,54,1228,284,998,227,60,110,4092,515,3577,1858,2081,1567,170,1397,361,104,257,484,88,396,1174,153,1021,506,0,506
609205,4865,3123,2941,156,1742,4055,311,1741,1017,621,271,57,37,110470.7983,2255,0,2255,592,1663,126,116,569,5975,662,5313,2093,4014,1486,212,1274,502,3,499,655,161,494,2357,286,2071,975,0,975
609206,3928,2769,2554,215,1159,3361,141,873,1225,822,263,0,37,141669.6763,1639,92,1547,403,1236,192,183,625,4829,250,4579,1288,3840,1242,21,1221,268,17,251,586,100,486,2128,112,2016,605,0,605
609207,3760,2827,2470,357,933,3013,45,517,1152,420,840,16,23,109875.7601,1685,240,1445,420,1265,146,122,549,4520,98,4422,1369,4205,953,0,953,583,22,561,318,32,286,2184,44,2140,482,0,482
610300,2210,1230,1056,174,980,1283,232,297,230,156,262,96,10,83112.36559,1075,25,1050,65,1010,79,63,28,2201,82,2119,674,1788,247,12,235,755,25,730,375,35,340,397,10,387,427,0,427
610400,3981,2040,1872,168,1941,3328,694,1614,793,147,40,40,0,67001.68067,1243,21,1222,77,1166,83,103,37,3558,470,3088,1807,1707,1178,75,1103,228,19,209,422,0,422,1435,376,1059,295,0,295
610500,5287,3608,3498,110,1679,4316,915,1191,1444,663,89,14,0,106910.9911,2213,52,2161,348,1865,348,249,280,7059,657,6402,2759,4159,1892,42,1850,925,253,672,654,107,547,2648,255,2393,940,0,940
610600,1246,693,648,45,553,1137,177,270,362,219,105,4,0,73102.31481,743,18,725,161,582,70,16,49,1177,52,1125,528,879,140,6,134,74,0,74,221,15,206,437,31,406,305,0,305
610800,2129,1414,1328,86,715,1711,407,637,352,264,45,0,6,92180.033,1015,41,974,198,817,24,85,204,2777,207,2570,1058,1796,758,82,676,424,0,424,314,19,295,821,53,768,460,53,407
610900,2788,1877,1758,103,911,2594,126,958,631,596,195,13,75,121281.4867,1493,91,1402,463,1030,129,60,355,3229,359,2870,1090,2258,531,55,476,188,23,165,557,46,511,1276,235,1041,677,0,677
611000,4707,2957,2775,182,1750,3838,450,1883,1042,300,143,20,0,91937.36474,2262,26,2236,515,1747,135,200,473,6432,546,5886,2824,3505,2032,110,1922,647,40,607,897,312,585,2121,84,2037,735,0,735
611100,2315,1509,1406,103,806,2110,68,817,798,339,59,29,0,105708.9362,1240,24,1216,322,918,158,111,189,2986,392,2594,935,2061,712,110,602,208,0,208,575,222,353,949,60,889,542,0,542
611200,3677,2589,2453,133,1088,3059,143,1091,662,842,250,31,40,142040.1891,1646,37,1609,442,1204,185,234,559,4410,170,4240,1259,3624,1062,84,978,444,31,413,543,12,531,1777,43,1734,584,0,584
611300,3683,2206,2122,84,1477,3189,357,1154,944,564,124,4,42,108915.2607,1485,47,1438,446,1039,148,154,378,4095,194,3901,1571,2910,892,42,850,343,19,324,595,84,511,1570,49,1521,695,0,695
611400,3615,2465,2236,229,1150,2988,164,1350,858,433,141,24,18,131795.9413,1542,16,1526,391,1151,240,187,356,4291,208,4083,1639,3191,936,55,881,431,0,431,602,15,587,1773,138,1635,549,0,549
611500,4198,2395,2276,119,1803,3655,313,1275,1275,580,160,52,0,124256.8908,1664,39,1625,491,1173,194,128,576,4100,233,3867,1391,3265,447,0,447,440,29,411,417,89,328,1790,67,1723,1006,48,958
611600,3545,2477,2142,335,1068,2880,336,1027,801,599,100,17,0,86399.50062,2093,74,2019,220,1873,69,118,241,4020,410,3610,1687,2193,587,0,587,581,224,357,804,105,699,1461,81,1380,587,0,587
611700,2294,1669,1539,130,625,1968,87,713,737,248,138,41,4,105098.6595,1052,27,1025,311,741,97,99,286,2945,182,2763,1015,1961,776,0,776,201,0,201,472,102,370,1147,80,1067,349,0,349