"Always equal to ACS Summary File identification","State Postal Abbreviation","Summary Level","Geographic Component","US","Census Region","Census Division","State (FIPS Code)","County of current residence","County Subdivision (FIPS)","Place (FIPS Code)","Census Tract","Block Group","Consolidated City","American Indian Area/Alaska Native Area/ Hawaiian Home Land (Census)","American Indian Area/Alaska Native Area/ Hawaiian Home Land (FIPS)","American Indian Trust Land/Hawaiian Home Land Indicator","American Indian Tribal Subdivision (FIPS)","Alaska Native Regional Corporation (FIPS)","Metropolitan and Micropolitan Statistical Area","Combined Statistical Area","Metropolitan Statistical Area-Metropolitan Division","Metropolitan Area Central City","Metropolitan/Micropolitan Indicator Flag","New England City and Town Area","New England City and Town Combined Statistical Area","New England City and Town Area Division","Urban Area","Current Congressional District ***","State Legislative District Upper","State Legislative District Lower","5-digit ZIP Code Tabulation Area","Subminor Civil Division (FIPS)","State-School District (Elementary)","State-School District (Secondary)","State-School District (Unified)","Urban/Rural","Principal City Indicator","Public Use Microdata Area â€“ 5% File","Geographic Identifier","Area Name","Tribal Tract","Tribal Block Group","Qualifying Name","FIPS","Area (Land)","Area (Water)","Place (State FIPS + Place FIPS)","ZIP Code Tabulation Area (3-digit)","Population 16 Years and Over:","Population 16 Years and Over: In Labor Force","Population 16 Years and Over: In Labor Force: In Armed Forces","Population 16 Years and Over: In Labor Force: Civilian","Population 16 Years and Over: In Labor Force: Civilian: Employed","Population 16 Years and Over: In Labor Force: Civilian: Unemployed","Population 16 Years and Over: Not in Labor Force","Male Population 16 Years and Over:","Male Population 16 Years and Over: In Labor Force","Male Population 16 Years and Over: In Labor Force: In Armed Forces","Male Population 16 Years and Over: In Labor Force: Civilian","Male Population 16 Years and Over: In Labor Force: Civilian: Employed","Male Population 16 Years and Over: In Labor Force: Civilian: Unemployed","Male Population 16 Years and Over: Not in Labor Force","Female Population 16 Years and Over:","Female Population 16 Years and Over: In Labor Force","Female Population 16 Years and Over: In Labor Force: In Armed Forces","Female Population 16 Years and Over: In Labor Force: Civilian","Female Population 16 Years and Over: In Labor Force: Civilian: Employed","Female Population 16 Years and Over: In Labor Force: Civilian: Unemployed","Female Population 16 Years and Over: Not in Labor Force","Population 25 Years and Over:","Population 25 Years and Over: Less than High School","Population 25 Years and Over: High School Graduate (Includes Equivalency)","Population 25 Years and Over: Some College","Population 25 Years and Over: Bachelor's Degree","Population 25 Years and Over: Master's Degree","Population 25 Years and Over: Professional School Degree","Population 25 Years and Over: Doctorate Degree","Average Family Income (In 2022 Inflation Adjusted Dollars)","Households:","Households: With Public Assistance Income","Households: No Public Assistance Income","Households:","Households: With Retirement Income","Households: No Retirement Income","Families","Families: Under 2.00","Families: 2.00 to 2.99","Families: 3.00 to 3.99","Families: 4.00 to 4.99","Families: 5.00 and Over","Total:","Total: No Health Insurance Coverage","Total: With Health Insurance Coverage","Total: With Health Insurance Coverage: Public Health Coverage","Total: With Health Insurance Coverage: Private Health Insurance","Population Under 18:","Population Under 18: No Health Insurance Coverage","Population Under 18: With Health Insurance Coverage","Population Under 18: With Health Insurance Coverage: Public Health Coverage","Population Under 18: With Health Insurance Coverage: Private Health Insurance","Population 18 to 24:","Population 18 to 24: No Health Insurance Coverage","Population 18 to 24: With Health Insurance Coverage","Population 18 to 24: With Health Insurance Coverage: Public Health Coverage","Population 18 to 24: With Health Insurance Coverage: Private Health Insurance","Population 25 to 34:","Population 25 to 34: No Health Insurance Coverage","Population 25 to 34: With Health Insurance Coverage","Population 25 to 34: With Health Insurance Coverage: Public Health Coverage","Population 25 to 34: With Health Insurance Coverage: Private Health Insurance","Population 35 to 64:","Population 35 to 64: No Health Insurance Coverage","Population 35 to 64: With Health Insurance Coverage","Population 35 to 64: With Health Insurance Coverage: Public Health Coverage","Population 35 to 64: With Health Insurance Coverage: Private Health Insurance","Population 65 or Older:","Population 65 or Older: No Health Insurance Coverage","Population 65 or Older: With Health Insurance Coverage","Population 65 or Older: With Health Insurance Coverage: Public Health Coverage","Population 65 or Older: With Health Insurance Coverage: Private Health Insurance"
Geo_FILEID,Geo_STUSAB,Geo_SUMLEV,Geo_GEOCOMP,Geo_US,Geo_REGION,Geo_DIVISION,Geo_STATE,Geo_COUNTY,Geo_COUSUB,Geo_PLACE,Geo_TRACT,Geo_BLKGRP,Geo_CONCIT,Geo_AIANHH,Geo_AIANHHFP,Geo_AIHHTLI,Geo_AITS,Geo_ANRC,Geo_CBSA,Geo_CSA,Geo_METDIV,Geo_MACC,Geo_MEMI,Geo_NECTA,Geo_CNECTA,Geo_NECTADIV,Geo_UA,Geo_CDCURR,Geo_SLDU,Geo_SLDL,Geo_ZCTA5,Geo_SUBMCD,Geo_SDELM,Geo_SDSEC,Geo_SDUNI,Geo_UR,Geo_PCI,Geo_PUMA5,Geo_GEOID,Geo_NAME,Geo_BTTR,Geo_BTBG,Geo_QName,Geo_FIPS,Geo_AREALAND,Geo_AREAWATR,Geo_PLACESE,Geo_ZCTA3,SE_A17002_001,SE_A17002_002,SE_A17002_003,SE_A17002_004,SE_A17002_005,SE_A17002_006,SE_A17002_007,SE_A17002A_001,SE_A17002A_002,SE_A17002A_003,SE_A17002A_004,SE_A17002A_005,SE_A17002A_006,SE_A17002A_007,SE_A17002B_001,SE_A17002B_002,SE_A17002B_003,SE_A17002B_004,SE_A17002B_005,SE_A17002B_006,SE_A17002B_007,SE_A12002_001,SE_A12002_002,SE_A12002_003,SE_A12002_004,SE_A12002_005,SE_A12002_006,SE_A12002_007,SE_A12002_008,SE_A14011_001,SE_A10014_001,SE_A10014_002,SE_A10014_003,SE_A10015_001,SE_A10015_002,SE_A10015_003,SE_D13004_001,SE_D13004_002,SE_D13004_003,SE_D13004_004,SE_D13004_005,SE_D13004_006,SE_A20001_001,SE_A20001_002,SE_A20001_003,SE_A20001_004,SE_A20001_005,SE_A20002_002,SE_A20002_003,SE_A20002_004,SE_A20002_005,SE_A20002_006,SE_A20002_007,SE_A20002_008,SE_A20002_009,SE_A20002_010,SE_A20002_011,SE_A20002_012,SE_A20002_013,SE_A20002_014,SE_A20002_015,SE_A20002_016,SE_A20002_017,SE_A20002_018,SE_A20002_019,SE_A20002_020,SE_A20002_021,SE_A20002_022,SE_A20002_023,SE_A20002_024,SE_A20002_025,SE_A20002_026
"ACSSF","nj","140","00",,,,"34","007",,,"600200",,,,,,,,,,,,,,,,,,,,,,,,,,,,,"Census Tract 6002",,,"Census Tract 6002, Camden County, New Jersey","34007600200","1171711","55093",,,1543,808,0,808,577,231,735,582,309,0,309,309,0,273,961,499,0,499,268,231,462,1277,335,596,200,82,53,0,11,82560,616,24,592,616,144,472,310,56,111,91,11,41,1693,275,1418,1081,500,307,0,307,298,92,141,0,141,68,93,335,119,216,123,93,831,156,675,513,222,79,0,79,79,0
"ACSSF","nj","140","00",,,,"34","007",,,"600400",,,,,,,,,,,,,,,,,,,,,,,,,,,,,"Census Tract 6004",,,"Census Tract 6004, Camden County, New Jersey","34007600400","862456","0",,,1959,713,0,713,469,244,1246,914,421,0,421,325,96,493,1045,292,0,292,144,148,753,1623,654,295,341,156,60,117,0,38997.513321492,1058,144,914,1058,269,789,563,417,53,27,57,9,2766,236,2530,2071,690,1081,69,1012,766,279,71,13,58,43,37,198,18,180,166,37,958,136,822,638,248,458,0,458,458,89
"ACSSF","nj","140","00",,,,"34","007",,,"600700",,,,,,,,,,,,,,,,,,,,,,,,,,,,,"Census Tract 6007",,,"Census Tract 6007, Camden County, New Jersey","34007600700","640048","540678",,,967,560,0,560,496,64,407,426,259,0,259,195,64,167,541,301,0,301,301,0,240,807,345,251,131,68,12,0,0,74978.2608695652,444,23,421,444,115,329,299,179,42,26,9,43,1338,126,1212,995,343,456,0,456,413,65,75,0,75,75,0,167,48,119,73,46,475,63,412,284,158,165,15,150,150,74
"ACSSF","nj","140","00",,,,"34","007",,,"600800",,,,,,,,,,,,,,,,,,,,,,,,,,,,,"Census Tract 6008",,,"Census Tract 6008, Camden County, New Jersey","34007600800","1128301","254140",,,3974,1520,0,1520,1304,216,2454,2003,765,0,765,734,31,1238,1971,755,0,755,570,185,1216,3062,1258,1034,681,57,32,0,0,42449.3470149254,1725,301,1424,1725,264,1461,1072,904,39,91,0,38,5018,612,4406,3645,968,1526,105,1421,1355,176,774,160,614,433,181,470,146,324,263,61,1630,201,1429,976,475,618,0,618,618,75
"ACSSF","nj","140","00",,,,"34","007",,,"600900",,,,,,,,,,,,,,,,,,,,,,,,,,,,,"Census Tract 6009",,,"Census Tract 6009, Camden County, New Jersey","34007600900","1787659","302570",,,2624,1443,0,1443,1307,136,1181,972,563,0,563,492,71,409,1652,880,0,880,815,65,772,2092,1213,464,367,27,0,21,0,45660.9053497942,1222,63,1159,1222,89,1133,972,720,100,18,105,29,3798,234,3564,2998,844,1459,0,1459,1403,212,303,29,274,255,19,409,33,376,283,93,1223,172,1051,658,465,404,0,404,399,55
"ACSSF","nj","140","00",,,,"34","007",,,"601000",,,,,,,,,,,,,,,,,,,,,,,,,,,,,"Census Tract 6010",,,"Census Tract 6010, Camden County, New Jersey","34007601000","1482252","178584",,,4390,2868,0,2868,2589,279,1522,2230,1550,0,1550,1384,166,680,2160,1318,0,1318,1205,113,842,3340,1121,1143,875,186,15,0,0,65480.3305785124,1671,87,1584,1671,151,1520,1210,556,302,237,38,77,5645,1080,4565,3065,1661,1505,173,1332,1077,270,817,290,527,387,193,710,165,545,224,346,2135,441,1694,910,803,478,11,467,467,49
"ACSSF","nj","140","00",,,,"34","007",,,"601101",,,,,,,,,,,,,,,,,,,,,,,,,,,,,"Census Tract 6011.01",,,"Census Tract 6011.01, Camden County, New Jersey","34007601101","740245","0",,,2280,1347,0,1347,1294,53,933,1110,796,0,796,757,39,314,1170,551,0,551,537,14,619,1848,780,562,360,127,6,13,0,65769.2419825073,849,148,701,849,141,708,686,412,123,15,30,106,3295,604,2691,1918,908,1148,112,1036,874,200,299,116,183,128,55,470,173,297,175,133,995,203,792,399,404,383,0,383,342,116
"ACSSF","nj","140","00",,,,"34","007",,,"601102",,,,,,,,,,,,,,,,,,,,,,,,,,,,,"Census Tract 6011.02",,,"Census Tract 6011.02, Camden County, New Jersey","34007601102","1009614","0",,,3803,2137,0,2137,1856,281,1666,1614,1103,0,1103,898,205,511,2189,1034,0,1034,958,76,1155,2965,1132,943,537,319,34,0,0,82639.0384615385,1456,90,1366,1456,192,1264,1040,467,155,39,211,168,5044,1092,3952,2595,1852,1592,149,1443,1098,491,500,234,266,133,133,534,283,251,162,89,1789,421,1368,578,897,629,5,624,624,242
"ACSSF","nj","140","00",,,,"34","007",,,"601200",,,,,,,,,,,,,,,,,,,,,,,,,,,,,"Census Tract 6012",,,"Census Tract 6012, Camden County, New Jersey","34007601200","805794","0",,,4780,3201,0,3201,3011,190,1579,2300,1676,0,1676,1520,156,624,2480,1525,0,1525,1491,34,955,3697,1054,1201,1003,297,142,0,0,66100.2490660025,2000,52,1948,2000,355,1645,1606,749,320,228,159,150,6529,976,5553,3438,2617,1945,158,1787,1238,623,1001,90,911,490,484,947,231,716,395,367,1978,460,1518,748,849,658,37,621,567,294
"ACSSF","nj","140","00",,,,"34","007",,,"601300",,,,,,,,,,,,,,,,,,,,,,,,,,,,,"Census Tract 6013",,,"Census Tract 6013, Camden County, New Jersey","34007601300","1442996","73887",,,3546,2346,0,2346,1955,391,1200,1579,1003,0,1003,934,69,576,1967,1343,0,1343,1021,322,624,2930,966,1095,724,118,27,0,0,53075.4048582996,1665,39,1626,1665,88,1577,988,666,137,28,55,102,4726,1105,3621,2946,1075,1351,113,1238,1178,222,528,257,271,183,88,807,307,500,358,142,1641,428,1213,868,546,399,0,399,359,77
"ACSSF","nj","140","00",,,,"34","007",,,"601400",,,,,,,,,,,,,,,,,,,,,,,,,,,,,"Census Tract 6014",,,"Census Tract 6014, Camden County, New Jersey","34007601400","1572123","228528",,,3413,1709,0,1709,1262,447,1704,1439,633,0,633,394,239,806,1974,1076,0,1076,868,208,898,2641,833,977,662,136,33,0,0,57577.8195488722,1442,109,1333,1442,333,1109,1064,512,270,162,49,71,4181,433,3748,2847,1307,1029,27,1002,787,245,521,164,357,235,122,378,56,322,163,159,1736,186,1550,1145,480,517,0,517,517,301
"ACSSF","nj","140","00",,,,"34","007",,,"601500",,,,,,,,,,,,,,,,,,,,,,,,,,,,,"Census Tract 6015",,,"Census Tract 6015, Camden County, New Jersey","34007601500","1171356","0",,,4257,2589,0,2589,2102,487,1668,2368,1764,0,1764,1469,295,604,1889,825,0,825,633,192,1064,3737,829,1542,1192,120,0,0,54,62095.747696669,2300,174,2126,2300,141,2159,1411,825,285,24,60,217,5373,419,4954,3440,2242,1249,11,1238,824,468,513,60,453,432,87,728,65,663,230,433,2060,283,1777,1208,712,823,0,823,746,542
"ACSSF","nj","140","00",,,,"34","007",,,"601600",,,,,,,,,,,,,,,,,,,,,,,,,,,,,"Census Tract 6016",,,"Census Tract 6016, Camden County, New Jersey","34007601600","525158","0",,,1907,1143,0,1143,1013,130,764,866,424,0,424,388,36,442,1041,719,0,719,625,94,322,1669,528,516,496,68,61,0,0,49319.7511664075,950,41,909,950,68,882,643,440,54,49,0,100,2394,405,1989,1498,696,608,9,599,425,207,298,92,206,165,41,321,55,266,233,47,1004,249,755,512,329,163,0,163,163,72
"ACSSF","nj","140","00",,,,"34","007",,,"601700",,,,,,,,,,,,,,,,,,,,,,,,,,,,,"Census Tract 6017",,,"Census Tract 6017, Camden County, New Jersey","34007601700","885670","0",,,1785,977,0,977,724,253,808,430,203,0,203,137,66,227,1355,774,0,774,587,187,581,1287,240,642,286,119,0,0,0,44315.7817109145,1122,87,1035,1122,66,1056,678,583,0,0,29,66,2805,112,2693,2366,389,1200,0,1200,1165,56,318,34,284,201,83,209,0,209,209,0,878,78,800,591,209,200,0,200,200,41
"ACSSF","nj","140","00",,,,"34","007",,,"601800",,,,,,,,,,,,,,,,,,,,,,,,,,,,,"Census Tract 6018",,,"Census Tract 6018, Camden County, New Jersey","34007601800","1999381","839973",,,628,376,0,376,344,32,252,330,186,0,186,186,0,144,298,190,0,190,158,32,108,572,170,159,242,1,0,0,0,80956.2814070352,368,45,323,368,13,355,199,62,10,46,53,28,918,121,797,499,314,303,0,303,242,61,43,0,43,12,31,11,0,11,4,7,492,121,371,172,211,69,0,69,69,4
"ACSSF","nj","140","00",,,,"34","007",,,"601900",,,,,,,,,,,,,,,,,,,,,,,,,,,,,"Census Tract 6019",,,"Census Tract 6019, Camden County, New Jersey","34007601900","1151659","53345",,,1802,1103,0,1103,1002,101,699,688,405,0,405,316,89,283,1114,698,0,698,686,12,416,1607,364,552,447,79,165,0,0,49642.5,990,169,821,990,176,814,640,422,44,60,20,94,2701,113,2588,1762,1003,991,0,991,691,300,217,0,217,151,66,451,48,403,210,193,793,65,728,487,280,249,0,249,223,164
"ACSSF","nj","140","00",,,,"34","007",,,"602000",,,,,,,,,,,,,,,,,,,,,,,,,,,,,"Census Tract 6020",,,"Census Tract 6020, Camden County, New Jersey","34007602000","1753786","186127",,,3830,2304,0,2304,1731,573,1526,1451,745,0,745,595,150,706,2379,1559,0,1559,1136,423,820,3386,431,1281,1120,246,268,0,40,48829.9940011998,2176,170,2006,2176,263,1913,1667,1123,240,92,176,36,6221,198,6023,4462,1924,2501,0,2501,2066,646,434,125,309,159,169,742,24,718,576,142,2228,49,2179,1345,861,316,0,316,316,106
"ACSSF","nj","140","00",,,,"34","007",,,"602503",,,,,,,,,,,,,,,,,,,,,,,,,,,,,"Census Tract 6025.03",,,"Census Tract 6025.03, Camden County, New Jersey","34007602503","1044735","0",,,1975,1241,10,1231,1125,106,734,990,639,10,629,570,59,351,985,602,0,602,555,47,383,1757,394,623,467,191,72,0,10,100409.104704097,826,41,785,826,167,659,659,197,84,144,21,213,2548,329,2219,1085,1316,656,0,656,393,269,212,63,149,51,110,279,64,215,66,149,1060,192,868,268,622,341,10,331,307,166
"ACSSF","nj","140","00",,,,"34","007",,,"602601",,,,,,,,,,,,,,,,,,,,,,,,,,,,,"Census Tract 6026.01",,,"Census Tract 6026.01, Camden County, New Jersey","34007602601","1471379","0",,,2354,1455,0,1455,1321,134,899,1259,814,0,814,704,110,445,1095,641,0,641,617,24,454,1963,353,695,389,384,121,20,1,94415.3236459709,987,15,972,987,350,637,757,193,125,151,140,148,3014,100,2914,1067,2206,855,0,855,266,619,222,17,205,76,133,270,30,240,51,189,1246,53,1193,261,1010,421,0,421,413,255
"ACSSF","nj","140","00",,,,"34","007",,,"602602",,,,,,,,,,,,,,,,,,,,,,,,,,,,,"Census Tract 6026.02",,,"Census Tract 6026.02, Camden County, New Jersey","34007602602","665761","0",,,2825,1963,0,1963,1754,209,862,1514,1003,0,1003,807,196,511,1311,960,0,960,947,13,351,2160,614,881,386,135,144,0,0,94406.1797752809,1059,11,1048,1059,156,903,890,220,177,152,75,266,3605,397,3208,1700,1910,1038,37,1001,659,388,435,36,399,77,373,298,119,179,141,38,1482,205,1277,479,923,352,0,352,344,188
"ACSSF","nj","140","00",,,,"34","007",,,"602901",,,,,,,,,,,,,,,,,,,,,,,,,,,,,"Census Tract 6029.01",,,"Census Tract 6029.01, Camden County, New Jersey","34007602901","5077189","45993",,,4266,2839,0,2839,2764,75,1427,2136,1656,0,1656,1607,49,480,2130,1183,0,1183,1157,26,947,3703,238,1239,1004,770,343,46,63,125861.986557132,2000,8,1992,2000,608,1392,1339,116,271,114,223,615,4835,177,4658,1611,3974,683,64,619,94,573,521,25,496,125,371,559,27,532,52,494,2107,61,2046,442,1781,965,0,965,898,755
"ACSSF","nj","140","00",,,,"34","007",,,"602902",,,,,,,,,,,,,,,,,,,,,,,,,,,,,"Census Tract 6029.02",,,"Census Tract 6029.02, Camden County, New Jersey","34007602902","1611936","0",,,2300,1564,0,1564,1428,136,736,1112,785,0,785,704,81,327,1188,779,0,779,724,55,409,2102,240,664,590,417,160,14,17,93769.4852941177,1192,153,1039,1192,165,1027,816,249,114,41,117,295,2975,129,2846,1569,1611,727,11,716,549,264,146,22,124,93,93,479,0,479,233,253,1283,96,1187,354,853,340,0,340,340,148
"ACSSF","nj","140","00",,,,"34","007",,,"603001",,,,,,,,,,,,,,,,,,,,,,,,,,,,,"Census Tract 6030.01",,,"Census Tract 6030.01, Camden County, New Jersey","34007603001","1586240","0",,,3292,2407,0,2407,2051,356,885,1497,990,0,990,970,20,507,1795,1417,0,1417,1081,336,378,2939,419,1060,822,402,171,46,19,109528.641571195,1416,56,1360,1416,372,1044,1222,385,147,114,74,502,4241,280,3961,1904,2417,1070,48,1022,601,440,281,31,250,34,216,543,34,509,132,400,1780,167,1613,632,1009,567,0,567,505,352
"ACSSF","nj","140","00",,,,"34","007",,,"603002",,,,,,,,,,,,,,,,,,,,,,,,,,,,,"Census Tract 6030.02",,,"Census Tract 6030.02, Camden County, New Jersey","34007603002","1436033","0",,,3536,2533,11,2522,2256,266,1003,1628,1216,11,1205,1064,141,412,1908,1317,0,1317,1192,125,591,2890,632,1022,736,351,113,29,7,107987.717690192,1371,46,1325,1371,308,1063,1091,217,269,193,63,349,4502,739,3763,1474,2822,1125,68,1057,436,802,513,78,435,102,333,681,196,485,68,417,1609,397,1212,349,908,574,0,574,519,362
"ACSSF","nj","140","00",,,,"34","007",,,"603100",,,,,,,,,,,,,,,,,,,,,,,,,,,,,"Census Tract 6031",,,"Census Tract 6031, Camden County, New Jersey","34007603100","1537015","0",,,3081,2143,0,2143,2089,54,938,1521,1157,0,1157,1118,39,364,1560,986,0,986,971,15,574,2517,190,812,725,496,207,72,15,129329.966703663,1473,40,1433,1473,326,1147,901,203,123,69,52,454,3800,310,3490,1463,2582,1038,30,1008,556,583,248,61,187,4,183,418,92,326,60,302,1486,127,1359,261,1160,610,0,610,582,354
"ACSSF","nj","140","00",,,,"34","007",,,"603201",,,,,,,,,,,,,,,,,,,,,,,,,,,,,"Census Tract 6032.01",,,"Census Tract 6032.01, Camden County, New Jersey","34007603201","4645240","2061",,,3752,2439,19,2420,2219,201,1313,1667,1158,19,1139,1035,104,509,2085,1281,0,1281,1184,97,804,3261,626,615,865,566,515,64,10,104357.452123231,1781,17,1764,1781,561,1220,1201,178,273,229,114,407,4440,294,4146,1304,3310,990,28,962,375,587,303,24,279,19,260,520,54,466,39,454,1930,188,1742,234,1557,697,0,697,637,452
"ACSSF","nj","140","00",,,,"34","007",,,"603202",,,,,,,,,,,,,,,,,,,,,,,,,,,,,"Census Tract 6032.02",,,"Census Tract 6032.02, Camden County, New Jersey","34007603202","4082509","225555",,,2241,1497,17,1480,1438,42,744,1070,820,17,803,803,0,250,1171,677,0,677,635,42,494,2016,65,382,398,444,476,200,51,181009.857142857,1294,8,1286,1294,334,960,700,138,35,115,53,359,2591,106,2485,714,2184,457,84,373,98,291,254,0,254,0,254,351,8,343,0,343,945,14,931,49,895,584,0,584,567,401
"ACSSF","nj","140","00",,,,"34","007",,,"603301",,,,,,,,,,,,,,,,,,,,,,,,,,,,,"Census Tract 6033.01",,,"Census Tract 6033.01, Camden County, New Jersey","34007603301","4542080","0",,,4786,3471,16,3455,3238,217,1315,2186,1758,0,1758,1671,87,428,2600,1713,16,1697,1567,130,887,4428,389,893,1569,988,365,147,77,173969.344042838,2263,29,2234,2263,511,1752,1494,75,83,325,137,874,5755,604,5151,2077,3952,1171,85,1086,493,610,341,0,341,17,324,792,183,609,137,472,2330,336,1994,309,1725,1121,0,1121,1121,821
"ACSSF","nj","140","00",,,,"34","007",,,"603302",,,,,,,,,,,,,,,,,,,,,,,,,,,,,"Census Tract 6033.02",,,"Census Tract 6033.02, Camden County, New Jersey","34007603302","3753669","7431",,,5199,3620,0,3620,3459,161,1579,2540,2174,0,2174,2092,82,366,2659,1446,0,1446,1367,79,1213,4190,215,1217,775,1081,548,132,222,179503.566796368,2266,16,2250,2266,683,1583,1542,163,60,306,238,775,6214,155,6059,1660,5087,1368,39,1329,168,1161,665,0,665,81,606,298,0,298,32,266,2706,116,2590,263,2327,1177,0,1177,1116,727
"ACSSF","nj","140","00",,,,"34","007",,,"603303",,,,,,,,,,,,,,,,,,,,,,,,,,,,,"Census Tract 6033.03",,,"Census Tract 6033.03, Camden County, New Jersey","34007603303","986806","0",,,2657,1418,0,1418,1201,217,1239,1385,775,0,775,578,197,610,1272,643,0,643,623,20,629,2468,220,744,504,580,349,26,45,119521.994134897,1233,32,1201,1233,312,921,682,89,212,43,56,282,3179,126,3053,1033,2390,679,45,634,93,541,159,5,154,0,154,622,27,595,97,512,1049,49,1000,210,799,670,0,670,633,384
"ACSSF","nj","140","00",,,,"34","007",,,"603400",,,,,,,,,,,,,,,,,,,,,,,,,,,,,"Census Tract 6034",,,"Census Tract 6034, Camden County, New Jersey","34007603400","5181493","4034",,,6514,4389,0,4389,4245,144,2125,3128,2348,0,2348,2308,40,780,3386,2041,0,2041,1937,104,1345,5882,471,1517,1586,1364,648,183,113,124930.188679245,3107,18,3089,3107,798,2309,2014,262,168,451,188,945,7908,351,7557,3062,5625,1680,0,1680,564,1116,549,52,497,131,366,1458,104,1354,159,1223,2681,195,2486,710,1914,1540,0,1540,1498,1006
"ACSSF","nj","140","00",,,,"34","007",,,"603501",,,,,,,,,,,,,,,,,,,,,,,,,,,,,"Census Tract 6035.01",,,"Census Tract 6035.01, Camden County, New Jersey","34007603501","7411294","19362",,,4960,3123,0,3123,2893,230,1837,2232,1563,0,1563,1529,34,669,2728,1560,0,1560,1364,196,1168,4385,204,453,664,1624,568,516,356,175520.211581292,2433,0,2433,2433,602,1831,1796,149,165,148,122,1212,5990,38,5952,1860,5022,1271,0,1271,240,1097,521,0,521,2,521,301,0,301,64,252,2585,38,2547,271,2327,1312,0,1312,1283,825
"ACSSF","nj","140","00",,,,"34","007",,,"603503",,,,,,,,,,,,,,,,,,,,,,,,,,,,,"Census Tract 6035.03",,,"Census Tract 6035.03, Camden County, New Jersey","34007603503","4527445","18445",,,3668,2517,32,2485,2384,101,1151,1752,1307,32,1275,1223,52,445,1916,1210,0,1210,1161,49,706,3271,66,293,463,1018,847,378,206,227145.893719807,1608,25,1583,1608,489,1119,1449,87,48,184,95,1035,4827,22,4805,1219,4342,1381,0,1381,156,1270,207,0,207,10,207,315,10,305,39,296,1940,0,1940,114,1885,984,12,972,900,684
"ACSSF","nj","140","00",,,,"34","007",,,"603504",,,,,,,,,,,,,,,,,,,,,,,,,,,,,"Census Tract 6035.04",,,"Census Tract 6035.04, Camden County, New Jersey","34007603504","2430808","1416",,,2643,1676,9,1667,1562,105,967,1427,1063,9,1054,964,90,364,1216,613,0,613,598,15,603,2314,57,495,452,728,320,200,62,225837.73364486,1051,4,1047,1051,365,686,856,44,43,56,118,595,3253,31,3222,826,2994,743,15,728,73,689,260,0,260,7,260,301,0,301,26,279,1266,16,1250,57,1233,683,0,683,663,533
"ACSSF","nj","140","00",,,,"34","007",,,"603505",,,,,,,,,,,,,,,,,,,,,,,,,,,,,"Census Tract 6035.05",,,"Census Tract 6035.05, Camden County, New Jersey","34007603505","2914500","0",,,3074,2363,0,2363,2197,166,711,1414,1118,0,1118,1064,54,296,1660,1245,0,1245,1133,112,415,2787,101,894,579,833,294,22,64,133453.618421053,1350,17,1333,1350,385,965,1216,65,40,210,179,722,3700,43,3657,895,3134,699,0,699,70,629,214,0,214,51,163,392,34,358,41,317,1858,9,1849,196,1688,537,0,537,537,337
"ACSSF","nj","140","00",,,,"34","007",,,"603506",,,,,,,,,,,,,,,,,,,,,,,,,,,,,"Census Tract 6035.06",,,"Census Tract 6035.06, Camden County, New Jersey","34007603506","5062806","0",,,4794,3072,0,3072,2893,179,1722,2319,1612,0,1612,1492,120,707,2475,1460,0,1460,1401,59,1015,4240,126,457,742,1498,1038,249,130,202230.521091811,2112,0,2112,2112,578,1534,1612,180,46,16,199,1171,6058,15,6043,1680,5058,1497,0,1497,101,1410,347,0,347,91,275,380,0,380,97,283,2698,15,2683,296,2482,1136,0,1136,1095,608
"ACSSF","nj","140","00",,,,"34","007",,,"603507",,,,,,,,,,,,,,,,,,,,,,,,,,,,,"Census Tract 6035.07",,,"Census Tract 6035.07, Camden County, New Jersey","34007603507","6027595","0",,,6312,3856,26,3830,3537,293,2456,3088,2118,26,2092,1950,142,970,3224,1738,0,1738,1587,151,1486,5677,380,907,663,1652,1122,639,314,204290.549450549,2931,84,2847,2931,611,2320,2275,348,13,136,253,1525,7342,119,7223,2223,5868,1533,32,1501,58,1483,336,0,336,0,336,526,11,515,159,356,3324,76,3248,443,2805,1623,0,1623,1563,888
"ACSSF","nj","140","00",,,,"34","007",,,"603601",,,,,,,,,,,,,,,,,,,,,,,,,,,,,"Census Tract 6036.01",,,"Census Tract 6036.01, Camden County, New Jersey","34007603601","3670837","4797",,,3486,2026,29,1997,1931,66,1460,1417,838,29,809,757,52,579,2069,1188,0,1188,1174,14,881,3185,105,488,769,1031,641,97,54,163747.427101201,1785,0,1785,1785,655,1130,1166,179,44,63,123,757,3935,52,3883,1723,3055,788,0,788,354,528,182,0,182,36,157,363,21,342,68,274,1604,31,1573,267,1453,998,0,998,998,643
"ACSSF","nj","140","00",,,,"34","007",,,"603602",,,,,,,,,,,,,,,,,,,,,,,,,,,,,"Census Tract 6036.02",,,"Census Tract 6036.02, Camden County, New Jersey","34007603602","2694707","0",,,2019,1337,0,1337,1299,38,682,881,665,0,665,654,11,216,1138,672,0,672,645,27,466,1837,51,146,224,840,355,197,24,237496.484375,888,22,866,888,332,556,768,48,37,26,112,545,2598,65,2533,679,2236,626,39,587,53,534,171,5,166,0,166,193,0,193,51,153,1072,21,1051,57,1000,536,0,536,518,383
"ACSSF","nj","140","00",,,,"34","007",,,"603603",,,,,,,,,,,,,,,,,,,,,,,,,,,,,"Census Tract 6036.03",,,"Census Tract 6036.03, Camden County, New Jersey","34007603603","2191204","0",,,2095,1418,9,1409,1354,55,677,1011,712,9,703,687,16,299,1084,706,0,706,667,39,378,1887,48,285,326,820,250,128,30,207307.083333333,967,4,963,967,320,647,720,31,43,45,109,492,2535,53,2482,624,2304,529,0,529,33,517,199,6,193,0,193,169,9,160,20,160,1095,38,1057,63,999,543,0,543,508,435
"ACSSF","nj","140","00",,,,"34","007",,,"603700",,,,,,,,,,,,,,,,,,,,,,,,,,,,,"Census Tract 6037",,,"Census Tract 6037, Camden County, New Jersey","34007603700","2223267","38394",,,2949,2082,54,2028,1921,107,867,1405,1080,54,1026,1003,23,325,1544,1002,0,1002,918,84,542,2621,256,422,478,958,365,67,75,123900.323974082,1581,12,1569,1581,359,1222,926,101,153,136,89,447,3590,213,3377,1310,2533,792,22,770,359,501,267,20,247,15,232,440,18,422,63,380,1463,153,1310,265,1124,628,0,628,608,296
"ACSSF","nj","140","00",,,,"34","007",,,"603800",,,,,,,,,,,,,,,,,,,,,,,,,,,,,"Census Tract 6038",,,"Census Tract 6038, Camden County, New Jersey","34007603800","2174897","138730",,,4491,3311,8,3303,3060,243,1180,2107,1716,8,1708,1639,69,391,2384,1595,0,1595,1421,174,789,4075,34,784,836,1483,554,302,82,153883.934649421,2354,14,2340,2354,714,1640,1469,65,52,159,193,1000,5689,95,5594,1401,5109,1444,15,1429,186,1337,221,15,206,49,157,771,10,761,28,733,2299,55,2244,235,2102,954,0,954,903,780
"ACSSF","nj","140","00",,,,"34","007",,,"603901",,,,,,,,,,,,,,,,,,,,,,,,,,,,,"Census Tract 6039.01",,,"Census Tract 6039.01, Camden County, New Jersey","34007603901","2280437","20581",,,4082,2926,0,2926,2645,281,1156,1869,1351,0,1351,1229,122,518,2213,1575,0,1575,1416,159,638,3673,163,576,889,1277,436,179,153,170338.874458874,2173,12,2161,2173,490,1683,1155,109,60,47,180,759,5029,220,4809,1213,4337,1092,41,1051,110,1030,422,17,405,14,391,602,31,571,35,536,1989,131,1858,167,1703,924,0,924,887,677
"ACSSF","nj","140","00",,,,"34","007",,,"603902",,,,,,,,,,,,,,,,,,,,,,,,,,,,,"Census Tract 6039.02",,,"Census Tract 6039.02, Camden County, New Jersey","34007603902","1308244","29736",,,2974,2084,0,2084,1793,291,890,1305,902,0,902,798,104,403,1669,1182,0,1182,995,187,487,2533,101,465,668,792,404,82,21,133751.552795031,1885,33,1852,1885,516,1369,805,63,40,78,174,450,3412,76,3336,1015,2958,506,0,506,86,466,436,0,436,79,357,326,6,320,41,279,1232,70,1162,73,1156,912,0,912,736,700
"ACSSF","nj","140","00",,,,"34","007",,,"604100",,,,,,,,,,,,,,,,,,,,,,,,,,,,,"Census Tract 6041",,,"Census Tract 6041, Camden County, New Jersey","34007604100","563497","18198",,,2090,1454,0,1454,1303,151,636,1083,829,0,829,798,31,254,1007,625,0,625,505,120,382,1742,436,687,385,168,61,5,0,75659.186746988,834,49,785,834,128,706,664,262,162,66,87,87,2904,338,2566,1353,1343,943,27,916,571,349,279,63,216,50,166,352,69,283,153,130,1097,179,918,346,620,233,0,233,233,78
"ACSSF","nj","140","00",,,,"34","007",,,"604200",,,,,,,,,,,,,,,,,,,,,,,,,,,,,"Census Tract 6042",,,"Census Tract 6042, Camden County, New Jersey","34007604200","1015903","157986",,,2717,1956,11,1945,1681,264,761,1196,909,11,898,762,136,287,1521,1047,0,1047,919,128,474,2404,119,423,711,628,364,73,86,99133.8962605549,1530,55,1475,1530,329,1201,829,230,92,125,78,304,3144,247,2897,912,2306,611,0,611,167,473,222,0,222,39,183,629,95,534,147,396,1232,125,1107,153,991,450,27,423,406,263
"ACSSF","nj","140","00",,,,"34","007",,,"604300",,,,,,,,,,,,,,,,,,,,,,,,,,,,,"Census Tract 6043",,,"Census Tract 6043, Camden County, New Jersey","34007604300","1049355","0",,,3323,2403,0,2403,2335,68,920,1693,1327,0,1327,1279,48,366,1630,1076,0,1076,1056,20,554,3090,53,505,581,867,696,192,196,185511.685625646,1804,0,1804,1804,383,1421,967,39,53,54,158,663,3927,69,3858,850,3502,735,0,735,27,708,131,0,131,0,131,648,9,639,56,610,1742,60,1682,123,1581,671,0,671,644,472
"ACSSF","nj","140","00",,,,"34","007",,,"604400",,,,,,,,,,,,,,,,,,,,,,,,,,,,,"Census Tract 6044",,,"Census Tract 6044, Camden County, New Jersey","34007604400","1720425","63989",,,2771,2012,0,2012,1965,47,759,1400,1062,0,1062,1037,25,338,1371,950,0,950,928,22,421,2515,37,381,709,631,620,112,25,208294.569067296,1420,0,1420,1420,315,1105,847,16,26,81,130,594,3367,86,3281,700,3022,701,7,694,42,652,151,0,151,0,151,408,44,364,7,364,1503,35,1468,78,1428,604,0,604,573,427
"ACSSF","nj","140","00",,,,"34","007",,,"604600",,,,,,,,,,,,,,,,,,,,,,,,,,,,,"Census Tract 6046",,,"Census Tract 6046, Camden County, New Jersey","34007604600","793197","96120",,,1653,1269,0,1269,1227,42,384,697,518,0,518,489,29,179,956,751,0,751,738,13,205,1442,22,410,402,349,179,54,26,119690.769230769,1038,28,1010,1038,154,884,455,104,107,17,17,210,2050,125,1925,580,1559,426,0,426,144,299,195,6,189,26,163,212,21,191,48,148,967,98,869,142,785,250,0,250,220,164
"ACSSF","nj","140","00",,,,"34","007",,,"604700",,,,,,,,,,,,,,,,,,,,,,,,,,,,,"Census Tract 6047",,,"Census Tract 6047, Camden County, New Jersey","34007604700","831477","86648",,,1493,1063,0,1063,1030,33,430,723,546,0,546,518,28,177,770,517,0,517,512,5,253,1408,86,322,458,395,126,18,3,131998.553719008,691,18,673,691,163,528,484,42,54,35,106,247,1887,53,1834,478,1607,394,0,394,85,343,96,0,96,6,90,329,10,319,20,299,772,43,729,94,666,296,0,296,273,209
"ACSSF","nj","140","00",,,,"34","007",,,"605100",,,,,,,,,,,,,,,,,,,,,,,,,,,,,"Census Tract 6051",,,"Census Tract 6051, Camden County, New Jersey","34007605100","1353902","90860",,,1934,1212,0,1212,1108,104,722,972,688,0,688,599,89,284,962,524,0,524,509,15,438,1713,154,799,396,206,92,46,20,81003.8095238095,861,6,855,861,204,657,630,162,100,168,55,145,2294,173,2121,892,1580,426,21,405,173,259,254,0,254,10,244,358,54,304,118,192,830,98,732,183,586,426,0,426,408,299
"ACSSF","nj","140","00",,,,"34","007",,,"605200",,,,,,,,,,,,,,,,,,,,,,,,,,,,,"Census Tract 6052",,,"Census Tract 6052, Camden County, New Jersey","34007605200","1798716","64673",,,1800,1433,0,1433,1375,58,367,948,799,0,799,765,34,149,852,634,0,634,610,24,218,1576,183,516,444,267,107,23,36,97606.9510268562,938,42,896,938,167,771,633,219,40,128,54,192,2709,203,2506,886,1877,909,15,894,343,609,235,0,235,71,184,387,97,290,34,256,903,91,812,170,675,275,0,275,268,153
"ACSSF","nj","140","00",,,,"34","007",,,"605300",,,,,,,,,,,,,,,,,,,,,,,,,,,,,"Census Tract 6053",,,"Census Tract 6053, Camden County, New Jersey","34007605300","1265110","105763",,,1534,912,0,912,843,69,622,799,444,0,444,409,35,355,735,468,0,468,434,34,267,1383,258,540,398,149,17,21,0,82063.0136986301,853,22,831,853,311,542,511,181,94,52,53,131,1894,79,1815,893,1300,423,0,423,257,181,134,16,118,43,75,258,16,242,58,191,703,47,656,167,519,376,0,376,368,334
"ACSSF","nj","140","00",,,,"34","007",,,"605400",,,,,,,,,,,,,,,,,,,,,,,,,,,,,"Census Tract 6054",,,"Census Tract 6054, Camden County, New Jersey","34007605400","1313462","4837",,,2155,1499,0,1499,1397,102,656,1030,815,0,815,752,63,215,1125,684,0,684,645,39,441,1968,141,898,473,366,71,19,0,127424.777183601,1133,12,1121,1133,287,846,561,132,31,122,22,254,2498,72,2426,967,1737,396,0,396,160,267,144,0,144,11,133,549,11,538,200,338,992,61,931,179,764,417,0,417,417,235
"ACSSF","nj","140","00",,,,"34","007",,,"605602",,,,,,,,,,,,,,,,,,,,,,,,,,,,,"Census Tract 6056.02",,,"Census Tract 6056.02, Camden County, New Jersey","34007605602","1106939","7572",,,2329,1824,0,1824,1688,136,505,1201,1014,0,1014,944,70,187,1128,810,0,810,744,66,318,2009,82,512,525,598,219,24,49,136890.843373494,1086,46,1040,1086,221,865,830,149,74,37,130,440,3050,59,2991,977,2356,893,0,893,352,541,170,0,170,50,120,231,0,231,51,180,1359,59,1300,127,1177,397,0,397,397,338
"ACSSF","nj","140","00",,,,"34","007",,,"605700",,,,,,,,,,,,,,,,,,,,,,,,,,,,,"Census Tract 6057",,,"Census Tract 6057, Camden County, New Jersey","34007605700","1421671","0",,,2653,1883,0,1883,1811,72,770,1129,796,0,796,757,39,333,1524,1087,0,1087,1054,33,437,2318,52,647,593,582,401,27,16,128437.810945274,1293,5,1288,1293,425,868,804,66,107,129,146,356,3431,35,3396,865,2804,952,0,952,222,742,189,0,189,33,156,415,21,394,14,380,1424,14,1410,186,1260,451,0,451,410,266
"ACSSF","nj","140","00",,,,"34","007",,,"605800",,,,,,,,,,,,,,,,,,,,,,,,,,,,,"Census Tract 6058",,,"Census Tract 6058, Camden County, New Jersey","34007605800","1490233","13573",,,2368,1700,0,1700,1700,0,668,1242,934,0,934,934,0,308,1126,766,0,766,766,0,360,2189,88,305,611,812,267,97,9,171041.923551171,1208,12,1196,1208,402,806,811,40,136,60,80,495,2937,41,2896,851,2524,626,11,615,128,487,123,0,123,1,122,565,9,556,9,547,914,21,893,12,881,709,0,709,701,487
"ACSSF","nj","140","00",,,,"34","007",,,"605900",,,,,,,,,,,,,,,,,,,,,,,,,,,,,"Census Tract 6059",,,"Census Tract 6059, Camden County, New Jersey","34007605900","1377452","0",,,1946,1447,0,1447,1380,67,499,975,709,0,709,646,63,266,971,738,0,738,734,4,233,1764,59,451,325,603,252,57,17,149509.728183119,1046,11,1035,1046,405,641,699,51,42,112,85,409,2695,169,2526,763,2250,795,39,756,197,621,144,53,91,16,91,274,15,259,18,245,981,62,919,73,874,501,0,501,459,419
"ACSSF","nj","140","00",,,,"34","007",,,"606000",,,,,,,,,,,,,,,,,,,,,,,,,,,,,"Census Tract 6060",,,"Census Tract 6060, Camden County, New Jersey","34007606000","1188937","0",,,1591,1029,0,1029,905,124,562,734,570,0,570,453,117,164,857,459,0,459,452,7,398,1398,62,178,409,482,117,32,118,204873.66255144,878,15,863,878,246,632,486,30,16,25,80,335,1852,52,1800,514,1637,317,23,294,0,294,147,0,147,0,147,268,29,239,25,217,644,0,644,24,628,476,0,476,465,351
"ACSSF","nj","140","00",,,,"34","007",,,"606100",,,,,,,,,,,,,,,,,,,,,,,,,,,,,"Census Tract 6061",,,"Census Tract 6061, Camden County, New Jersey","34007606100","1073073","0",,,1706,1151,9,1142,1128,14,555,793,597,9,588,584,4,196,913,554,0,554,544,10,359,1513,6,79,102,731,285,222,88,308895.64586357,820,8,812,820,122,698,689,4,30,31,43,581,2470,19,2451,314,2371,912,6,906,19,906,62,0,62,0,62,179,13,166,6,166,1051,0,1051,23,1039,266,0,266,266,198
"ACSSF","nj","140","00",,,,"34","007",,,"606200",,,,,,,,,,,,,,,,,,,,,,,,,,,,,"Census Tract 6062",,,"Census Tract 6062, Camden County, New Jersey","34007606200","2285761","50385",,,3153,2313,8,2305,2168,137,840,1426,1171,8,1163,1099,64,255,1727,1142,0,1142,1069,73,585,2756,55,211,297,922,706,439,126,237284.845890411,1478,42,1436,1478,359,1119,1168,14,69,22,136,927,4206,82,4124,860,3924,1329,21,1308,103,1274,148,0,148,0,148,273,49,224,17,207,1758,12,1746,77,1713,698,0,698,663,582
"ACSSF","nj","140","00",,,,"34","007",,,"606300",,,,,,,,,,,,,,,,,,,,,,,,,,,,,"Census Tract 6063",,,"Census Tract 6063, Camden County, New Jersey","34007606300","1635135","65815",,,1768,1223,0,1223,1199,24,545,856,653,0,653,648,5,203,912,570,0,570,551,19,342,1662,31,110,278,561,444,159,79,288999.84984985,951,11,940,951,171,780,666,17,37,68,22,522,2507,10,2497,448,2327,794,0,794,4,790,71,0,71,5,71,259,0,259,18,255,1004,10,994,42,965,379,0,379,379,246
"ACSSF","nj","140","00",,,,"34","007",,,"606400",,,,,,,,,,,,,,,,,,,,,,,,,,,,,"Census Tract 6064",,,"Census Tract 6064, Camden County, New Jersey","34007606400","2954983","7018",,,2300,1566,0,1566,1528,38,734,1169,897,0,897,870,27,272,1131,669,0,669,658,11,462,1974,31,138,160,731,408,395,111,413950.4,988,14,974,988,176,812,875,14,19,29,74,739,3231,23,3208,481,3050,1157,10,1147,32,1129,150,0,150,18,132,92,0,92,0,92,1436,13,1423,54,1386,396,0,396,377,311
"ACSSF","nj","140","00",,,,"34","007",,,"606500",,,,,,,,,,,,,,,,,,,,,,,,,,,,,"Census Tract 6065",,,"Census Tract 6065, Camden County, New Jersey","34007606500","3704848","0",,,2558,1547,0,1547,1365,182,1011,1179,813,0,813,712,101,366,1379,734,0,734,653,81,645,2313,182,850,683,195,374,5,24,124532.782369146,1146,29,1117,1146,459,687,726,159,74,101,131,261,3059,178,2881,1397,1980,580,57,523,287,256,244,3,241,47,225,365,42,323,120,203,1179,76,1103,263,944,691,0,691,680,352
"ACSSF","nj","140","00",,,,"34","007",,,"606600",,,,,,,,,,,,,,,,,,,,,,,,,,,,,"Census Tract 6066",,,"Census Tract 6066, Camden County, New Jersey","34007606600","1945026","0",,,2147,1781,0,1781,1547,234,366,1066,869,0,869,732,137,197,1081,912,0,912,815,97,169,1896,35,353,433,555,344,108,68,153291.290322581,1205,3,1202,1205,293,912,620,70,26,126,99,299,2487,232,2255,732,1880,361,0,361,81,280,252,0,252,44,244,525,155,370,95,303,923,77,846,95,769,426,0,426,417,284
"ACSSF","nj","140","00",,,,"34","007",,,"606700",,,,,,,,,,,,,,,,,,,,,,,,,,,,,"Census Tract 6067",,,"Census Tract 6067, Camden County, New Jersey","34007606700","2150314","0",,,3933,2629,0,2629,2561,68,1304,2109,1341,0,1341,1326,15,768,1824,1288,0,1288,1235,53,536,3591,213,1127,939,958,320,16,18,120912.712550607,2172,61,2111,2172,618,1554,1235,49,136,204,190,656,4535,255,4280,1349,3575,705,0,705,71,674,362,1,361,100,261,572,144,428,0,428,2044,110,1934,360,1670,852,0,852,818,542
"ACSSF","nj","140","00",,,,"34","007",,,"606800",,,,,,,,,,,,,,,,,,,,,,,,,,,,,"Census Tract 6068",,,"Census Tract 6068, Camden County, New Jersey","34007606800","2040011","10217",,,3356,2094,0,2094,1978,116,1262,1827,1169,0,1169,1091,78,658,1529,925,0,925,887,38,604,2925,500,835,782,518,252,18,20,111976.595744681,1632,11,1621,1632,445,1187,1034,204,160,182,168,320,4114,308,3806,1313,3005,901,48,853,235,664,328,28,300,22,293,526,65,461,36,436,1617,167,1450,331,1129,742,0,742,689,483
"ACSSF","nj","140","00",,,,"34","007",,,"607000",,,,,,,,,,,,,,,,,,,,,,,,,,,,,"Census Tract 6070",,,"Census Tract 6070, Camden County, New Jersey","34007607000","2606157","305517",,,3829,2373,0,2373,2266,107,1456,1743,1274,0,1274,1257,17,469,2086,1099,0,1099,1009,90,987,3384,463,1662,665,473,93,18,10,84519.1561181435,1962,63,1899,1962,486,1476,1185,258,267,235,136,289,4577,337,4240,1681,3134,924,135,789,253,562,325,0,325,33,292,567,46,521,167,370,1859,156,1703,366,1353,902,0,902,862,557
"ACSSF","nj","140","00",,,,"34","007",,,"607100",,,,,,,,,,,,,,,,,,,,,,,,,,,,,"Census Tract 6071",,,"Census Tract 6071, Camden County, New Jersey","34007607100","2338017","139326",,,2891,1891,0,1891,1747,144,1000,1296,860,0,860,757,103,436,1595,1031,0,1031,990,41,564,2474,82,1098,604,515,169,0,6,105632.365145228,1297,43,1254,1297,377,920,964,176,158,210,122,298,3994,425,3569,1305,2612,1239,246,993,237,783,351,44,307,181,126,449,63,386,64,322,1516,72,1444,399,1087,439,0,439,424,294
"ACSSF","nj","140","00",,,,"34","007",,,"607200",,,,,,,,,,,,,,,,,,,,,,,,,,,,,"Census Tract 6072",,,"Census Tract 6072, Camden County, New Jersey","34007607200","2974178","0",,,3783,2677,0,2677,2468,209,1106,2096,1508,0,1508,1372,136,588,1687,1169,0,1169,1096,73,518,3140,253,1083,1147,499,108,32,18,106375.103305785,1867,59,1808,1867,407,1460,968,201,88,159,239,281,4313,317,3996,1333,3138,704,75,629,164,465,620,88,532,137,395,714,28,686,29,657,1590,121,1469,344,1197,685,5,680,659,424
"ACSSF","nj","140","00",,,,"34","007",,,"607300",,,,,,,,,,,,,,,,,,,,,,,,,,,,,"Census Tract 6073",,,"Census Tract 6073, Camden County, New Jersey","34007607300","2534168","0",,,3500,2656,33,2623,2425,198,844,1646,1305,33,1272,1149,123,341,1854,1351,0,1351,1276,75,503,3095,215,1242,624,731,198,34,51,104610.243902439,1784,49,1735,1784,448,1336,1025,236,168,192,79,350,4309,153,4156,1488,3185,984,0,984,316,713,244,0,244,55,214,922,96,826,175,651,1451,57,1394,250,1204,708,0,708,692,403
"ACSSF","nj","140","00",,,,"34","007",,,"607401",,,,,,,,,,,,,,,,,,,,,,,,,,,,,"Census Tract 6074.01",,,"Census Tract 6074.01, Camden County, New Jersey","34007607401","1602316","0",,,2281,1604,0,1604,1451,153,677,993,737,0,737,676,61,256,1288,867,0,867,775,92,421,2066,97,650,855,296,148,10,10,128979.166666667,1157,22,1135,1157,245,912,744,146,106,44,95,353,2686,189,2497,1042,1817,480,18,462,254,208,149,0,149,28,121,427,84,343,118,225,1109,87,1022,153,898,521,0,521,489,365
"ACSSF","nj","140","00",,,,"34","007",,,"607402",,,,,,,,,,,,,,,,,,,,,,,,,,,,,"Census Tract 6074.02",,,"Census Tract 6074.02, Camden County, New Jersey","34007607402","2002838","0",,,2217,1506,0,1506,1394,112,711,999,687,0,687,635,52,312,1218,819,0,819,759,60,399,1986,153,658,631,296,188,41,19,101058.059701493,1111,25,1086,1111,235,876,670,104,59,198,132,177,2838,100,2738,1326,1821,740,0,740,520,238,150,0,150,20,130,317,70,247,129,118,1213,30,1183,252,1014,418,0,418,405,321
"ACSSF","nj","140","00",,,,"34","007",,,"607502",,,,,,,,,,,,,,,,,,,,,,,,,,,,,"Census Tract 6075.02",,,"Census Tract 6075.02, Camden County, New Jersey","34007607502","8039372","95491",,,5353,2890,0,2890,2774,116,2463,2127,1444,0,1444,1411,33,683,3226,1446,0,1446,1363,83,1780,4806,353,708,1120,1434,503,570,118,265709.532163743,2257,0,2257,2257,907,1350,1710,149,104,102,152,1203,5972,63,5909,1907,5157,1516,0,1516,1,1515,177,0,177,78,177,347,0,347,19,328,2170,63,2107,222,1935,1762,0,1762,1587,1202
"ACSSF","nj","140","00",,,,"34","007",,,"607503",,,,,,,,,,,,,,,,,,,,,,,,,,,,,"Census Tract 6075.03",,,"Census Tract 6075.03, Camden County, New Jersey","34007607503","5445904","0",,,5423,3530,0,3530,3378,152,1893,2475,1818,0,1818,1721,97,657,2948,1712,0,1712,1657,55,1236,4694,208,696,782,1514,980,457,57,202742.354910714,2183,39,2144,2183,608,1575,1792,99,75,170,234,1214,6129,297,5832,1580,5022,1221,49,1172,179,1133,620,80,540,40,500,522,16,506,241,379,2861,152,2709,245,2538,905,0,905,875,472
"ACSSF","nj","140","00",,,,"34","007",,,"607504",,,,,,,,,,,,,,,,,,,,,,,,,,,,,"Census Tract 6075.04",,,"Census Tract 6075.04, Camden County, New Jersey","34007607504","6085288","190234",,,2897,1839,0,1839,1730,109,1058,1538,1087,0,1087,1025,62,451,1359,752,0,752,705,47,607,2504,32,269,366,869,463,336,169,311343.416370107,1188,17,1171,1188,340,848,1124,52,8,56,130,878,3944,19,3925,784,3691,1325,0,1325,89,1236,137,0,137,10,127,160,19,141,34,107,1672,0,1672,57,1654,650,0,650,594,567
"ACSSF","nj","140","00",,,,"34","007",,,"607505",,,,,,,,,,,,,,,,,,,,,,,,,,,,,"Census Tract 6075.05",,,"Census Tract 6075.05, Camden County, New Jersey","34007607505","6352070","115421",,,3146,2119,56,2063,2003,60,1027,1532,1091,49,1042,989,53,441,1614,1028,7,1021,1014,7,586,2714,130,519,371,858,395,278,163,229165.118243243,1415,0,1415,1415,406,1009,1184,70,72,119,91,832,3762,156,3606,900,3323,823,48,775,0,775,322,13,309,9,309,145,25,120,21,99,1625,59,1566,49,1517,847,11,836,821,623
"ACSSF","nj","140","00",,,,"34","007",,,"607506",,,,,,,,,,,,,,,,,,,,,,,,,,,,,"Census Tract 6075.06",,,"Census Tract 6075.06, Camden County, New Jersey","34007607506","899258","6817",,,2785,1902,0,1902,1726,176,883,1327,887,0,887,778,109,440,1458,1015,0,1015,948,67,443,2213,89,337,555,749,419,44,20,129945.892351275,1419,22,1397,1419,163,1256,706,38,56,114,130,368,3275,154,3121,707,2794,528,3,525,93,462,757,41,716,153,712,534,7,527,24,503,1172,74,1098,203,987,284,29,255,234,130
"ACSSF","nj","140","00",,,,"34","007",,,"607507",,,,,,,,,,,,,,,,,,,,,,,,,,,,,"Census Tract 6075.07",,,"Census Tract 6075.07, Camden County, New Jersey","34007607507","2887880","27750",,,5661,4041,103,3938,3664,274,1620,2773,2406,103,2303,2171,132,367,2888,1635,0,1635,1493,142,1253,4907,392,1271,919,1398,759,135,33,111901.849112426,3540,0,3540,3540,518,3022,1352,211,401,141,210,389,6725,680,6045,1684,4568,1354,30,1324,279,1045,622,116,506,35,471,1451,197,1254,146,1108,2429,337,2092,369,1748,869,0,869,855,196
"ACSSF","nj","140","00",,,,"34","007",,,"607600",,,,,,,,,,,,,,,,,,,,,,,,,,,,,"Census Tract 6076",,,"Census Tract 6076, Camden County, New Jersey","34007607600","5573837","111534",,,1809,1008,14,994,908,86,801,910,508,14,494,466,28,402,899,500,0,500,442,58,399,1586,116,621,431,276,112,21,9,133771.691792295,782,0,782,782,267,515,597,62,73,84,144,234,2264,177,2087,798,1640,565,13,552,136,427,147,7,140,16,124,178,11,167,30,137,904,134,770,162,625,470,12,458,454,327
"ACSSF","nj","140","00",,,,"34","007",,,"607701",,,,,,,,,,,,,,,,,,,,,,,,,,,,,"Census Tract 6077.01",,,"Census Tract 6077.01, Camden County, New Jersey","34007607701","3337690","1513",,,5537,3234,0,3234,3087,147,2303,2728,1750,0,1750,1655,95,978,2809,1484,0,1484,1432,52,1325,4696,984,2245,973,376,73,45,0,66160.4051565378,2849,66,2783,2849,414,2435,1629,718,365,171,177,198,7125,1766,5359,3020,2703,1734,234,1500,934,566,762,247,515,234,311,956,445,511,130,381,2673,840,1833,782,1083,1000,0,1000,940,362
"ACSSF","nj","140","00",,,,"34","007",,,"607702",,,,,,,,,,,,,,,,,,,,,,,,,,,,,"Census Tract 6077.02",,,"Census Tract 6077.02, Camden County, New Jersey","34007607702","3118231","63228",,,4244,3074,0,3074,2949,125,1170,2182,1806,0,1806,1750,56,376,2062,1268,0,1268,1199,69,794,3780,736,1231,830,729,142,54,58,92572.7353463588,2099,0,2099,2099,357,1742,1126,301,249,97,224,255,5080,980,4100,1837,2668,1054,0,1054,877,177,297,136,161,50,111,712,43,669,89,603,2423,801,1622,289,1379,594,0,594,532,398
"ACSSF","nj","140","00",,,,"34","007",,,"607801",,,,,,,,,,,,,,,,,,,,,,,,,,,,,"Census Tract 6078.01",,,"Census Tract 6078.01, Camden County, New Jersey","34007607801","2324212","30814",,,5097,3900,0,3900,3863,37,1197,2342,1888,0,1888,1888,0,454,2755,2012,0,2012,1975,37,743,4695,309,1993,1405,707,224,57,0,78351.8665607625,3198,8,3190,3198,665,2533,1259,481,308,156,148,166,6720,621,6099,2683,3846,1761,45,1716,1222,494,307,0,307,38,269,1260,329,931,74,857,2469,247,2222,550,1701,923,0,923,799,525
"ACSSF","nj","140","00",,,,"34","007",,,"607802",,,,,,,,,,,,,,,,,,,,,,,,,,,,,"Census Tract 6078.02",,,"Census Tract 6078.02, Camden County, New Jersey","34007607802","1326109","12996",,,1847,1277,0,1277,1185,92,570,895,679,0,679,600,79,216,952,598,0,598,585,13,354,1685,302,570,527,196,77,13,0,84907.6682316119,881,46,835,881,259,622,639,191,63,118,85,182,2412,257,2155,1049,1427,597,41,556,363,287,182,28,154,36,143,302,121,181,22,159,931,62,869,265,634,400,5,395,363,204
"ACSSF","nj","140","00",,,,"34","007",,,"607900",,,,,,,,,,,,,,,,,,,,,,,,,,,,,"Census Tract 6079",,,"Census Tract 6079, Camden County, New Jersey","34007607900","1169240","24856",,,1629,1111,5,1106,1056,50,518,813,597,5,592,559,33,216,816,514,0,514,497,17,302,1299,73,324,398,340,110,15,39,152450.110864745,680,13,667,680,186,494,451,26,36,57,104,228,1999,68,1931,537,1645,499,12,487,122,423,242,0,242,18,225,232,8,224,46,206,767,22,745,128,662,259,26,233,223,129
"ACSSF","nj","140","00",,,,"34","007",,,"608001",,,,,,,,,,,,,,,,,,,,,,,,,,,,,"Census Tract 6080.01",,,"Census Tract 6080.01, Camden County, New Jersey","34007608001","1799724","0",,,2843,1916,0,1916,1815,101,927,1544,1141,0,1141,1051,90,403,1299,775,0,775,764,11,524,2623,276,870,629,598,220,30,0,122024.163568773,1390,29,1361,1390,254,1136,807,202,43,123,83,356,3341,234,3107,1200,2293,597,0,597,387,317,224,0,224,24,200,652,41,611,141,482,1476,193,1283,293,1071,392,0,392,355,223
"ACSSF","nj","140","00",,,,"34","007",,,"608202",,,,,,,,,,,,,,,,,,,,,,,,,,,,,"Census Tract 6082.02",,,"Census Tract 6082.02, Camden County, New Jersey","34007608202","3392437","25352",,,3047,2083,0,2083,2057,26,964,1564,1242,0,1242,1216,26,322,1483,841,0,841,841,0,642,2770,59,692,1100,595,249,55,20,124663.454545455,1504,9,1495,1504,393,1111,1100,129,101,185,255,430,3748,298,3450,1137,2756,811,0,811,258,560,167,19,148,0,148,452,140,312,140,172,1676,139,1537,97,1464,642,0,642,642,412
"ACSSF","nj","140","00",,,,"34","007",,,"608205",,,,,,,,,,,,,,,,,,,,,,,,,,,,,"Census Tract 6082.05",,,"Census Tract 6082.05, Camden County, New Jersey","34007608205","2683489","30840",,,3444,2445,16,2429,2330,99,999,1582,1140,0,1140,1098,42,442,1862,1305,16,1289,1232,57,557,2937,290,679,724,869,324,44,7,141471.279761905,1588,77,1511,1588,421,1167,1344,143,296,99,154,652,4440,97,4343,1146,3806,1249,0,1249,155,1107,288,0,288,39,249,372,43,329,114,221,1712,54,1658,73,1625,819,0,819,765,604
"ACSSF","nj","140","00",,,,"34","007",,,"608206",,,,,,,,,,,,,,,,,,,,,,,,,,,,,"Census Tract 6082.06",,,"Census Tract 6082.06, Camden County, New Jersey","34007608206","2783790","30232",,,3121,2298,28,2270,1913,357,823,1600,1270,12,1258,1056,202,330,1521,1028,16,1012,857,155,493,2628,154,963,809,522,121,38,21,135094.874371859,1273,144,1129,1273,328,945,995,89,74,116,163,553,3633,167,3466,1015,2859,706,0,706,127,648,371,56,315,24,291,322,14,308,82,242,1698,97,1601,246,1411,536,0,536,536,267
"ACSSF","nj","140","00",,,,"34","007",,,"608209",,,,,,,,,,,,,,,,,,,,,,,,,,,,,"Census Tract 6082.09",,,"Census Tract 6082.09, Camden County, New Jersey","34007608209","2762632","72503",,,2702,1459,0,1459,1316,143,1243,1292,760,0,760,692,68,532,1410,699,0,699,624,75,711,2590,86,781,762,700,249,0,12,129197.777777778,1410,37,1373,1410,485,925,855,136,38,101,64,516,2999,37,2962,1427,2349,351,0,351,36,315,60,18,42,13,29,350,19,331,25,306,1241,0,1241,375,929,997,0,997,978,770
"ACSSF","nj","140","00",,,,"34","007",,,"608210",,,,,,,,,,,,,,,,,,,,,,,,,,,,,"Census Tract 6082.10",,,"Census Tract 6082.10, Camden County, New Jersey","34007608210","4835266","40939",,,2795,1975,4,1971,1920,51,820,1398,1098,4,1094,1085,9,300,1397,877,0,877,835,42,520,2273,241,599,805,451,117,48,12,89062.5256673511,1681,18,1663,1681,311,1370,974,386,84,102,99,303,3963,354,3609,1188,2797,1300,65,1235,397,914,452,111,341,94,247,483,102,381,69,335,1280,76,1204,260,960,448,0,448,368,341
"ACSSF","nj","140","00",,,,"34","007",,,"608211",,,,,,,,,,,,,,,,,,,,,,,,,,,,,"Census Tract 6082.11",,,"Census Tract 6082.11, Camden County, New Jersey","34007608211","5902356","49488",,,4300,2822,0,2822,2659,163,1478,2008,1315,0,1315,1201,114,693,2292,1507,0,1507,1458,49,785,3936,275,1054,1096,945,424,98,44,103136.452095808,2319,44,2275,2319,553,1766,1336,79,440,148,321,348,5566,157,5409,1812,4285,1393,0,1393,361,1086,321,0,321,89,256,990,100,890,158,732,2103,41,2062,461,1714,759,16,743,743,497
"ACSSF","nj","140","00",,,,"34","007",,,"608302",,,,,,,,,,,,,,,,,,,,,,,,,,,,,"Census Tract 6083.02",,,"Census Tract 6083.02, Camden County, New Jersey","34007608302","2933064","154457",,,4601,3064,9,3055,2767,288,1537,2325,1623,9,1614,1458,156,702,2276,1441,0,1441,1309,132,835,3956,267,1947,779,649,278,36,0,108918.927973199,2168,58,2110,2168,497,1671,1194,243,174,210,77,490,5301,212,5089,1822,3999,885,0,885,211,720,652,0,652,71,581,808,162,646,83,566,2096,50,2046,597,1569,860,0,860,860,563
"ACSSF","nj","140","00",,,,"34","007",,,"608303",,,,,,,,,,,,,,,,,,,,,,,,,,,,,"Census Tract 6083.03",,,"Census Tract 6083.03, Camden County, New Jersey","34007608303","3780975","22719",,,2444,1640,0,1640,1519,121,804,1119,747,0,747,691,56,372,1325,893,0,893,828,65,432,1958,121,827,701,230,50,8,21,92320.5448354143,1062,27,1035,1062,324,738,881,215,99,141,144,282,2998,235,2763,1189,1991,687,25,662,316,346,353,13,340,94,262,215,65,150,22,137,1228,132,1096,242,873,515,0,515,515,373
"ACSSF","nj","140","00",,,,"34","007",,,"608304",,,,,,,,,,,,,,,,,,,,,,,,,,,,,"Census Tract 6083.04",,,"Census Tract 6083.04, Camden County, New Jersey","34007608304","4507707","16162",,,5934,3956,17,3939,3690,249,1978,2763,2000,17,1983,1934,49,763,3171,1956,0,1956,1756,200,1215,5287,297,1586,1689,1298,340,36,41,107492.740926158,2899,35,2864,2899,773,2126,1598,292,217,240,154,695,7044,401,6643,2100,5229,1396,0,1396,298,1098,586,0,586,292,294,1072,36,1036,88,948,2690,365,2325,269,2084,1300,0,1300,1153,805
"ACSSF","nj","140","00",,,,"34","007",,,"608401",,,,,,,,,,,,,,,,,,,,,,,,,,,,,"Census Tract 6084.01",,,"Census Tract 6084.01, Camden County, New Jersey","34007608401","3339785","2492",,,2987,2233,0,2233,2114,119,754,1526,1174,0,1174,1095,79,352,1461,1059,0,1059,1019,40,402,2435,152,881,607,587,137,33,38,117393.8,1212,18,1194,1212,290,922,1000,190,119,139,156,396,3774,168,3606,1048,2992,1000,95,905,232,679,347,11,336,24,312,459,20,439,128,328,1493,42,1451,237,1290,475,0,475,427,383
"ACSSF","nj","140","00",,,,"34","007",,,"608402",,,,,,,,,,,,,,,,,,,,,,,,,,,,,"Census Tract 6084.02",,,"Census Tract 6084.02, Camden County, New Jersey","34007608402","4315014","3510",,,3327,2117,0,2117,2047,70,1210,1687,1110,0,1110,1059,51,577,1640,1007,0,1007,988,19,633,2657,194,752,651,839,197,24,0,148397.505197505,1342,9,1333,1342,409,933,962,99,154,152,122,435,3902,137,3765,1030,3122,821,16,805,124,695,491,0,491,63,428,325,6,319,9,319,1672,115,1557,241,1342,593,0,593,593,338
"ACSSF","nj","140","00",,,,"34","007",,,"608403",,,,,,,,,,,,,,,,,,,,,,,,,,,,,"Census Tract 6084.03",,,"Census Tract 6084.03, Camden County, New Jersey","34007608403","6368085","188757",,,5406,4049,0,4049,3726,323,1357,2767,2145,0,2145,1986,159,622,2639,1904,0,1904,1740,164,735,4454,186,1398,1205,1134,350,161,20,165998.051224944,1981,128,1853,1981,349,1632,1796,299,88,189,217,1003,6790,233,6557,1255,5694,1799,67,1732,248,1484,588,31,557,38,557,752,38,714,177,548,3186,97,3089,333,2828,465,0,465,459,277
"ACSSF","nj","140","00",,,,"34","007",,,"608404",,,,,,,,,,,,,,,,,,,,,,,,,,,,,"Census Tract 6084.04",,,"Census Tract 6084.04, Camden County, New Jersey","34007608404","6847061","77942",,,5471,4103,0,4103,3895,208,1368,2565,1915,0,1915,1890,25,650,2906,2188,0,2188,2005,183,718,4777,230,1121,1518,1071,455,382,0,130826.680896478,2565,39,2526,2565,1002,1563,1874,208,209,164,180,1113,7190,288,6902,2228,5884,1830,39,1791,588,1382,583,60,523,61,462,859,44,815,46,808,2674,145,2529,415,2232,1244,0,1244,1118,1000
"ACSSF","nj","140","00",,,,"34","007",,,"608503",,,,,,,,,,,,,,,,,,,,,,,,,,,,,"Census Tract 6085.03",,,"Census Tract 6085.03, Camden County, New Jersey","34007608503","2490656","0",,,1987,1415,0,1415,1264,151,572,1020,632,0,632,541,91,388,967,783,0,783,723,60,184,1688,123,501,603,304,112,45,0,144611.844331641,1152,78,1074,1152,234,918,591,108,174,13,109,187,2595,81,2514,909,1912,662,0,662,266,519,264,28,236,67,169,270,13,257,43,226,1067,40,1027,224,803,332,0,332,309,195
"ACSSF","nj","140","00",,,,"34","007",,,"608504",,,,,,,,,,,,,,,,,,,,,,,,,,,,,"Census Tract 6085.04",,,"Census Tract 6085.04, Camden County, New Jersey","34007608504","2345652","19056",,,3028,2229,0,2229,2103,126,799,1069,772,0,772,692,80,297,1959,1457,0,1457,1411,46,502,2647,218,900,940,384,69,102,34,98623.4482758621,1745,0,1745,1745,265,1480,725,215,101,151,101,157,3805,239,3566,1523,2418,872,32,840,471,369,447,0,447,166,417,737,166,571,29,542,1314,41,1273,438,898,435,0,435,419,192
"ACSSF","nj","140","00",,,,"34","007",,,"608600",,,,,,,,,,,,,,,,,,,,,,,,,,,,,"Census Tract 6086",,,"Census Tract 6086, Camden County, New Jersey","34007608600","4902290","150323",,,4300,3006,0,3006,2877,129,1294,2149,1685,0,1685,1659,26,464,2151,1321,0,1321,1218,103,830,3889,455,1655,1101,555,113,10,0,106798.687089716,2268,62,2206,2268,315,1953,1371,207,395,160,216,393,5312,477,4835,1811,3462,1123,0,1123,330,893,470,217,253,72,181,883,163,720,205,515,1913,97,1816,352,1559,923,0,923,852,314
"ACSSF","nj","140","00",,,,"34","007",,,"608700",,,,,,,,,,,,,,,,,,,,,,,,,,,,,"Census Tract 6087",,,"Census Tract 6087, Camden County, New Jersey","34007608700","9307767","35573",,,6183,4119,0,4119,4043,76,2064,2751,2162,0,2162,2124,38,589,3432,1957,0,1957,1919,38,1475,5092,306,1409,1671,1327,305,57,17,138373.490112239,2835,101,2734,2835,651,2184,1871,166,230,162,246,1067,7412,261,7151,1884,6124,1845,115,1730,291,1514,633,66,567,34,533,835,27,808,81,730,3005,53,2952,421,2646,1094,0,1094,1057,701
"ACSSF","nj","140","00",,,,"34","007",,,"608800",,,,,,,,,,,,,,,,,,,,,,,,,,,,,"Census Tract 6088",,,"Census Tract 6088, Camden County, New Jersey","34007608800","8656740","15360",,,4964,3499,0,3499,3405,94,1465,2375,1642,0,1642,1579,63,733,2589,1857,0,1857,1826,31,732,4414,473,1640,1218,872,155,56,0,124752.027543994,2266,50,2216,2266,733,1533,1307,69,445,140,67,586,5881,875,5006,2030,4141,995,33,962,304,782,585,212,373,154,219,914,280,634,71,563,2143,313,1830,375,1573,1244,37,1207,1126,1004
"ACSSF","nj","140","00",,,,"34","007",,,"608901",,,,,,,,,,,,,,,,,,,,,,,,,,,,,"Census Tract 6089.01",,,"Census Tract 6089.01, Camden County, New Jersey","34007608901","9751003","157764",,,4770,3156,0,3156,2930,226,1614,2475,1786,0,1786,1615,171,689,2295,1370,0,1370,1315,55,925,4342,529,1876,1114,654,133,0,36,127194.143857416,2159,128,2031,2159,448,1711,1571,309,148,173,112,829,5643,267,5376,2155,4009,955,20,935,331,604,429,123,306,66,270,847,0,847,321,542,2558,124,2434,632,1956,854,0,854,805,637
"ACSSF","nj","140","00",,,,"34","007",,,"608903",,,,,,,,,,,,,,,,,,,,,,,,,,,,,"Census Tract 6089.03",,,"Census Tract 6089.03, Camden County, New Jersey","34007608903","13499905","22447",,,2560,1739,0,1739,1606,133,821,1344,944,0,944,838,106,400,1216,795,0,795,768,27,421,2195,125,867,587,417,181,18,0,123499.526066351,1028,0,1028,1028,286,742,844,69,144,107,138,386,2802,178,2624,983,2124,289,8,281,88,203,328,7,321,36,301,361,49,312,15,297,1113,114,999,167,931,711,0,711,677,392
"ACSSF","nj","140","00",,,,"34","007",,,"608904",,,,,,,,,,,,,,,,,,,,,,,,,,,,,"Census Tract 6089.04",,,"Census Tract 6089.04, Camden County, New Jersey","34007608904","69994840","384333",,,1648,1144,0,1144,1109,35,504,862,625,0,625,590,35,237,786,519,0,519,519,0,267,1439,125,481,525,186,69,37,16,146989.253187614,638,52,586,638,227,411,549,104,26,29,107,283,1963,17,1946,455,1712,429,0,429,61,373,101,0,101,0,101,26,0,26,9,17,1133,17,1116,111,1020,274,0,274,274,201
"ACSSF","nj","140","00",,,,"34","007",,,"609000",,,,,,,,,,,,,,,,,,,,,,,,,,,,,"Census Tract 6090",,,"Census Tract 6090, Camden County, New Jersey","34007609000","4442825","4000",,,1196,750,0,750,702,48,446,635,447,0,447,433,14,188,561,303,0,303,269,34,258,1075,162,353,393,144,20,3,0,105070.91503268,487,30,457,487,166,321,306,47,74,49,22,114,1384,107,1277,730,770,216,0,216,167,61,120,6,114,34,88,156,27,129,49,80,649,71,578,243,395,243,3,240,237,146
"ACSSF","nj","140","00",,,,"34","007",,,"609103",,,,,,,,,,,,,,,,,,,,,,,,,,,,,"Census Tract 6091.03",,,"Census Tract 6091.03, Camden County, New Jersey","34007609103","21271835","361762",,,4735,3300,0,3300,3190,110,1435,2095,1427,0,1427,1364,63,668,2640,1873,0,1873,1826,47,767,4311,620,1114,1113,1051,372,5,36,111671.788250484,2215,31,2184,2215,516,1699,1549,219,324,248,188,570,5580,171,5409,2001,4297,1065,0,1065,321,819,412,0,412,91,321,844,28,816,153,682,2327,143,2184,574,1818,932,0,932,862,657
"ACSSF","nj","140","00",,,,"34","007",,,"609201",,,,,,,,,,,,,,,,,,,,,,,,,,,,,"Census Tract 6092.01",,,"Census Tract 6092.01, Camden County, New Jersey","34007609201","4539268","1994",,,4180,2995,0,2995,2727,268,1185,2090,1573,0,1573,1411,162,517,2090,1422,0,1422,1316,106,668,3519,166,918,1406,673,323,19,14,97213.6005256242,2018,80,1938,2018,511,1507,1522,306,138,377,232,469,5308,298,5010,1870,3568,1328,19,1309,558,780,499,17,482,238,315,1016,65,951,129,822,1955,197,1758,435,1420,510,0,510,510,231
"ACSSF","nj","140","00",,,,"34","007",,,"609202",,,,,,,,,,,,,,,,,,,,,,,,,,,,,"Census Tract 6092.02",,,"Census Tract 6092.02, Camden County, New Jersey","34007609202","3476709","24579",,,3785,2255,0,2255,2010,245,1530,1913,1192,0,1192,1010,182,721,1872,1063,0,1063,1000,63,809,3366,368,1116,1020,545,270,19,28,98638.946528332,1811,9,1802,1811,550,1261,1253,328,99,206,306,314,4902,283,4619,2450,2876,1239,104,1135,801,468,327,0,327,92,250,610,69,541,244,361,1916,110,1806,511,1383,810,0,810,802,414
"ACSSF","nj","140","00",,,,"34","007",,,"609204",,,,,,,,,,,,,,,,,,,,,,,,,,,,,"Census Tract 6092.04",,,"Census Tract 6092.04, Camden County, New Jersey","34007609204","3398062","44034",,,2801,1862,0,1862,1598,264,939,1191,860,0,860,685,175,331,1610,1002,0,1002,913,89,608,2265,320,574,1079,125,153,0,14,75911.1633372503,1282,54,1228,1282,284,998,851,313,141,227,60,110,4092,515,3577,1858,2081,1567,170,1397,941,543,361,104,257,8,249,484,88,396,149,273,1174,153,1021,363,718,506,0,506,397,298
"ACSSF","nj","140","00",,,,"34","007",,,"609205",,,,,,,,,,,,,,,,,,,,,,,,,,,,,"Census Tract 6092.05",,,"Census Tract 6092.05, Camden County, New Jersey","34007609205","62919216","652506",,,4865,3123,26,3097,2941,156,1742,2198,1607,26,1581,1528,53,591,2667,1516,0,1516,1413,103,1151,4055,311,1741,1017,621,271,57,37,110470.798319328,2255,0,2255,2255,592,1663,1428,388,229,126,116,569,5975,662,5313,2093,4014,1486,212,1274,500,812,502,3,499,164,393,655,161,494,218,325,2357,286,2071,307,1786,975,0,975,904,698
"ACSSF","nj","140","00",,,,"34","007",,,"609206",,,,,,,,,,,,,,,,,,,,,,,,,,,,,"Census Tract 6092.06",,,"Census Tract 6092.06, Camden County, New Jersey","34007609206","5431416","27590",,,3928,2769,0,2769,2554,215,1159,1797,1422,0,1422,1355,67,375,2131,1347,0,1347,1199,148,784,3361,141,873,1225,822,263,0,37,141669.676320273,1639,92,1547,1639,403,1236,1174,135,39,192,183,625,4829,250,4579,1288,3840,1242,21,1221,295,961,268,17,251,16,235,586,100,486,41,457,2128,112,2016,392,1748,605,0,605,544,439
"ACSSF","nj","140","00",,,,"34","007",,,"609207",,,,,,,,,,,,,,,,,,,,,,,,,,,,,"Census Tract 6092.07",,,"Census Tract 6092.07, Camden County, New Jersey","34007609207","13454308","52871",,,3760,2827,0,2827,2470,357,933,1892,1494,0,1494,1294,200,398,1868,1333,0,1333,1176,157,535,3013,45,517,1152,420,840,16,23,109875.760135135,1685,240,1445,1685,420,1265,1184,153,214,146,122,549,4520,98,4422,1369,4205,953,0,953,595,953,583,22,561,47,524,318,32,286,105,247,2184,44,2140,162,2066,482,0,482,460,415
"ACSSF","nj","140","00",,,,"34","007",,,"610300",,,,,,,,,,,,,,,,,,,,,,,,,,,,,"Census Tract 6103",,,"Census Tract 6103, Camden County, New Jersey","34007610300","1866264","970247",,,2210,1230,0,1230,1056,174,980,1280,680,0,680,631,49,600,930,550,0,550,425,125,380,1283,232,297,230,156,262,96,10,83112.3655913978,1075,25,1050,1075,65,1010,186,16,0,79,63,28,2201,82,2119,674,1788,247,12,235,17,218,755,25,730,101,703,375,35,340,23,317,397,10,387,116,271,427,0,427,417,279
"ACSSF","nj","140","00",,,,"34","007",,,"610400",,,,,,,,,,,,,,,,,,,,,,,,,,,,,"Census Tract 6104",,,"Census Tract 6104, Camden County, New Jersey","34007610400","1102538","0",,,3981,2040,0,2040,1872,168,1941,2336,985,0,985,947,38,1351,1645,1055,0,1055,925,130,590,3328,694,1614,793,147,40,40,0,67001.6806722689,1243,21,1222,1243,77,1166,714,400,91,83,103,37,3558,470,3088,1807,1707,1178,75,1103,746,650,228,19,209,78,131,422,0,422,191,231,1435,376,1059,513,594,295,0,295,279,101
"ACSSF","nj","140","00",,,,"34","007",,,"610500",,,,,,,,,,,,,,,,,,,,,,,,,,,,,"Census Tract 6105",,,"Census Tract 6105, Camden County, New Jersey","34007610500","5621954","3186122",,,5287,3608,0,3608,3498,110,1679,2396,1836,0,1836,1768,68,560,2891,1772,0,1772,1730,42,1119,4316,915,1191,1444,663,89,14,0,106910.991105464,2213,52,2161,2213,348,1865,1574,367,330,348,249,280,7059,657,6402,2759,4159,1892,42,1850,865,1081,925,253,672,40,632,654,107,547,337,210,2648,255,2393,596,1837,940,0,940,921,399
"ACSSF","nj","140","00",,,,"34","007",,,"610600",,,,,,,,,,,,,,,,,,,,,,,,,,,,,"Census Tract 6106",,,"Census Tract 6106, Camden County, New Jersey","34007610600","1842384","220803",,,1246,693,0,693,648,45,553,564,313,0,313,300,13,251,682,380,0,380,348,32,302,1137,177,270,362,219,105,4,0,73102.3148148148,743,18,725,743,161,582,216,46,35,70,16,49,1177,52,1125,528,879,140,6,134,109,64,74,0,74,27,47,221,15,206,32,180,437,31,406,92,337,305,0,305,268,251
"ACSSF","nj","140","00",,,,"34","007",,,"610800",,,,,,,,,,,,,,,,,,,,,,,,,,,,,"Census Tract 6108",,,"Census Tract 6108, Camden County, New Jersey","34007610800","6799135","798407",,,2129,1414,0,1414,1328,86,715,1023,732,0,732,659,73,291,1106,682,0,682,669,13,424,1711,407,637,352,264,45,0,6,92180.0330033003,1015,41,974,1015,198,817,606,149,144,24,85,204,2777,207,2570,1058,1796,758,82,676,289,415,424,0,424,166,293,314,19,295,24,271,821,53,768,177,609,460,53,407,402,208
"ACSSF","nj","140","00",,,,"34","007",,,"610900",,,,,,,,,,,,,,,,,,,,,,,,,,,,,"Census Tract 6109",,,"Census Tract 6109, Camden County, New Jersey","34007610900","1699777","74898",,,2788,1877,16,1861,1758,103,911,1257,911,16,895,828,67,346,1531,966,0,966,930,36,565,2594,126,958,631,596,195,13,75,121281.486676017,1493,91,1402,1493,463,1030,713,46,123,129,60,355,3229,359,2870,1090,2258,531,55,476,162,332,188,23,165,22,143,557,46,511,65,482,1276,235,1041,192,909,677,0,677,649,392
"ACSSF","nj","140","00",,,,"34","007",,,"611000",,,,,,,,,,,,,,,,,,,,,,,,,,,,,"Census Tract 6110",,,"Census Tract 6110, Camden County, New Jersey","34007611000","2842521","1003475",,,4707,2957,0,2957,2775,182,1750,2211,1581,0,1581,1527,54,630,2496,1376,0,1376,1248,128,1120,3838,450,1883,1042,300,143,20,0,91937.3647358371,2262,26,2236,2262,515,1747,1571,603,160,135,200,473,6432,546,5886,2824,3505,2032,110,1922,1161,761,647,40,607,104,503,897,312,585,201,384,2121,84,2037,635,1510,735,0,735,723,347
"ACSSF","nj","140","00",,,,"34","007",,,"611100",,,,,,,,,,,,,,,,,,,,,,,,,,,,,"Census Tract 6111",,,"Census Tract 6111, Camden County, New Jersey","34007611100","3083127","0",,,2315,1509,0,1509,1406,103,806,1202,861,0,861,783,78,341,1113,648,0,648,623,25,465,2110,68,817,798,339,59,29,0,105708.936170213,1240,24,1216,1240,322,918,705,107,140,158,111,189,2986,392,2594,935,2061,712,110,602,161,468,208,0,208,64,144,575,222,353,61,292,949,60,889,120,776,542,0,542,529,381
"ACSSF","nj","140","00",,,,"34","007",,,"611200",,,,,,,,,,,,,,,,,,,,,,,,,,,,,"Census Tract 6112",,,"Census Tract 6112, Camden County, New Jersey","34007611200","2844014","0",,,3677,2589,3,2586,2453,133,1088,1849,1369,3,1366,1330,36,480,1828,1220,0,1220,1123,97,608,3059,143,1091,662,842,250,31,40,142040.189125296,1646,37,1609,1646,442,1204,1269,128,163,185,234,559,4410,170,4240,1259,3624,1062,84,978,324,795,444,31,413,25,388,543,12,531,64,467,1777,43,1734,312,1516,584,0,584,534,458
"ACSSF","nj","140","00",,,,"34","007",,,"611300",,,,,,,,,,,,,,,,,,,,,,,,,,,,,"Census Tract 6113",,,"Census Tract 6113, Camden County, New Jersey","34007611300","4998980","169597",,,3683,2206,0,2206,2122,84,1477,1696,1146,0,1146,1099,47,550,1987,1060,0,1060,1023,37,927,3189,357,1154,944,564,124,4,42,108915.260663507,1485,47,1438,1485,446,1039,1055,142,233,148,154,378,4095,194,3901,1571,2910,892,42,850,416,546,343,19,324,30,294,595,84,511,129,393,1570,49,1521,357,1277,695,0,695,639,400
"ACSSF","nj","140","00",,,,"34","007",,,"611400",,,,,,,,,,,,,,,,,,,,,,,,,,,,,"Census Tract 6114",,,"Census Tract 6114, Camden County, New Jersey","34007611400","7764524","129528",,,3615,2465,0,2465,2236,229,1150,1789,1342,0,1342,1216,126,447,1826,1123,0,1123,1020,103,703,2988,164,1350,858,433,141,24,18,131795.941278066,1542,16,1526,1542,391,1151,1158,216,159,240,187,356,4291,208,4083,1639,3191,936,55,881,405,476,431,0,431,72,400,602,15,587,107,575,1773,138,1635,519,1369,549,0,549,536,371
"ACSSF","nj","140","00",,,,"34","007",,,"611500",,,,,,,,,,,,,,,,,,,,,,,,,,,,,"Census Tract 6115",,,"Census Tract 6115, Camden County, New Jersey","34007611500","34219314","990124",,,4198,2395,0,2395,2276,119,1803,2436,1502,0,1502,1430,72,934,1762,893,0,893,846,47,869,3655,313,1275,1275,580,160,52,0,124256.890756303,1664,39,1625,1664,491,1173,1190,216,76,194,128,576,4100,233,3867,1391,3265,447,0,447,60,431,440,29,411,20,391,417,89,328,97,231,1790,67,1723,305,1490,1006,48,958,909,722
"ACSSF","nj","140","00",,,,"34","007",,,"611600",,,,,,,,,,,,,,,,,,,,,,,,,,,,,"Census Tract 6116",,,"Census Tract 6116, Camden County, New Jersey","34007611600","1294862","102709",,,3545,2477,0,2477,2142,335,1068,1590,1293,0,1293,981,312,297,1955,1184,0,1184,1161,23,771,2880,336,1027,801,599,100,17,0,86399.5006242197,2093,74,2019,2093,220,1873,801,245,128,69,118,241,4020,410,3610,1687,2193,587,0,587,207,380,581,224,357,145,212,804,105,699,254,445,1461,81,1380,494,949,587,0,587,587,207
"ACSSF","nj","140","00",,,,"34","007",,,"611700",,,,,,,,,,,,,,,,,,,,,,,,,,,,,"Census Tract 6117",,,"Census Tract 6117, Camden County, New Jersey","34007611700","1844768","135782",,,2294,1669,0,1669,1539,130,625,1187,892,0,892,857,35,295,1107,777,0,777,682,95,330,1968,87,713,737,248,138,41,4,105098.659517426,1052,27,1025,1052,311,741,746,118,146,97,99,286,2945,182,2763,1015,1961,776,0,776,362,414,201,0,201,60,146,472,102,370,131,267,1147,80,1067,121,972,349,0,349,341,162
