<?xml version="1.0" encoding="UTF-8"?><MD_Metadata xmlns:gts="http://www.isotc211.org/2005/gts" xmlns:gco="http://www.isotc211.org/2005/gco" xmlns:xalan="http://xml.apache.org/xalan" xmlns:srv="http://www.isotc211.org/2005/srv" xmlns:gmx="http://www.isotc211.org/2005/gmx" xmlns:xlink="http://www.w3.org/1999/xlink" xmlns:xsi="http://www.w3.org/2001/XMLSchema-instance" xmlns:gml="http://www.opengis.net/gml" xmlns="http://www.isotc211.org/2005/gmd">
    <characterSet>
        <MD_CharacterSetCode codeList="http://www.isotc211.org/2005/resources/Codelist/gmxCodelists.xml#MD_CharacterSetCode" codeListValue="utf8" codeSpace="ISOTC211/19115">utf8</MD_CharacterSetCode>
    </characterSet>
    <hierarchyLevel>
        <MD_ScopeCode codeList="http://www.isotc211.org/2005/resources/Codelist/gmxCodelists.xml#MD_ScopeCode" codeListValue="dataset" codeSpace="ISOTC211/19115">dataset</MD_ScopeCode>
    </hierarchyLevel>
    <hierarchyLevelName>
        <gco:CharacterString>dataset</gco:CharacterString>
    </hierarchyLevelName>
    <contact gco:nilReason="missing"/>
    <dateStamp gco:nilReason="missing"/>
    <metadataStandardName>
        <gco:CharacterString>ISO 19139 Geographic Information - Metadata - Implementation Specification</gco:CharacterString>
    </metadataStandardName>
    <metadataStandardVersion>
        <gco:CharacterString>2007</gco:CharacterString>
    </metadataStandardVersion>
    <identificationInfo>
        <MD_DataIdentification>
            <citation gco:nilReason="missing"/>
            <abstract>
                <gco:CharacterString>Boundary file of Census Tracts in Camden County based on 2010 Census. Demographic data can be joined with based on GEOID. Data provided by US Census Bureau</gco:CharacterString>
            </abstract>
            <purpose>
                <gco:CharacterString>Boundary file of Census Tracts based on 2010 Census</gco:CharacterString>
            </purpose>
            <credit>
                <gco:CharacterString>US Census Bureau</gco:CharacterString>
            </credit>
            <descriptiveKeywords>
                <MD_Keywords>
                    <keyword>
                        <gco:CharacterString>camden county</gco:CharacterString>
                    </keyword>
                    <keyword>
                        <gco:CharacterString>new jersey</gco:CharacterString>
                    </keyword>
                    <keyword>
                        <gco:CharacterString>south jersey</gco:CharacterString>
                    </keyword>
                    <keyword>
                        <gco:CharacterString>geography</gco:CharacterString>
                    </keyword>
                    <keyword>
                        <gco:CharacterString>census</gco:CharacterString>
                    </keyword>
                    <keyword>
                        <gco:CharacterString>census tracts</gco:CharacterString>
                    </keyword>
                    <keyword>
                        <gco:CharacterString>boundary</gco:CharacterString>
                    </keyword>
                    <keyword>
                        <gco:CharacterString>boundaries</gco:CharacterString>
                    </keyword>
                </MD_Keywords>
            </descriptiveKeywords>
            <language gco:nilReason="missing"/>
            <characterSet>
                <MD_CharacterSetCode codeList="http://www.isotc211.org/2005/resources/Codelist/gmxCodelists.xml#MD_CharacterSetCode" codeListValue="utf8" codeSpace="ISOTC211/19115">utf8</MD_CharacterSetCode>
            </characterSet>
        </MD_DataIdentification>
    </identificationInfo>
</MD_Metadata>
